device_id,device_name,manufacturer,model,area,via_device,connections,disabled
191744e68a2886825778907a5e0a9340,,,,,,[['mac'; '4a:51:44:9f:3d:1d']],
b38b9663a27656d25b1c271164fe5ad0,,,,,,[['mac'; 'f2:b2:4a:c5:54:e1']],
32d068662776f2653eae9277a719754c,,,,,,[['mac'; '5e:a2:13:eb:b4:a5']],
738691110b404e0f398ee22f2d355b56,Bedroom lighting test,,,Master Bedroom,,[],
3e1e4e896e381e7c593d478250880b2e,Entry Room Ceiling Lights,,,,,[],
82f884ebcee8ee70f61948e2e0950ca5,John-s-Tab-A9,,,,,[['mac'; 'ca:2f:26:e8:59:b7']],
13feda9b4f960f2492b3608341dd3cf6,Kitchen Chandelier,,,Kitchen,,[],
7faf7a09a6cfc7bd643fbcdbe1c2df5f,Living Spaces,,,,,[],
aa8401e688208366c76a4e62fe935c06,Moon,,,,,[],
75bc85a4be5addc92a97ff8934c003f4,Sun,,,,,[],
f46bc0f19570d9227282c8b12b3cb1cb,Watch,,,,,[['mac'; 'a6:e9:5c:14:8f:7a']],
49a950a5105860447ef36ebd24c39cf4,assist microphone,,,Cloud,,[],
460d432c1a6868a2d8d1c0981eee4f4b,Home-Assistant-Matter-Hub (3.0.0-alpha.76),Addons by t0bst4r,Home Assistant Add-on,,,[],
5025881d08308096ae00965e4f3e582a,1st Floor Bathroom Echo Dot,Amazon,Echo Dot (Gen4),,5025881d08308096ae00965e4f3e582a,[],
dac3abef72c880f439f842470f59d3ee,Alaina's Bedroom Echo Show,Amazon,Echo Show 5 (Gen1),,dac3abef72c880f439f842470f59d3ee,[],
c79b407d52d2a4df1bfac85d32ed9e89,Basement Echo,Amazon,Echo (Gen1),,c79b407d52d2a4df1bfac85d32ed9e89,[],
26424536093105d7062c07624cf216bc,Echo Dot extra,Amazon,Echo Dot (Gen3),,26424536093105d7062c07624cf216bc,[],
1c3758af871191e9be4efd731c55dcb6,Echo Dot extra 2,Amazon,Echo Dot (Gen2),,1c3758af871191e9be4efd731c55dcb6,[],
d001287f8e2a77963d150779226e9d4f,Echo Dot extra 4,Amazon,Echo Dot (Gen2),,d001287f8e2a77963d150779226e9d4f,[],
23f51911b86db3d66fd40adbcdd24e7c,Echo extra 3,Amazon,Echo (Gen2),,23f51911b86db3d66fd40adbcdd24e7c,[],
af96a800da2c628cc790d76176b33a1a,Ella's Bedroom Echo Show,Amazon,Echo Show 5 (Gen1),,af96a800da2c628cc790d76176b33a1a,[],
589db44783aacb943759da9bf9da4136,Everywhere,Amazon,Speaker Group,,589db44783aacb943759da9bf9da4136,[],
d82d5bb2334a1c81a8fab09236fc1b63,Living Room Fire TV 192.168.1.17,Amazon,AFTTIFF43 (Fire TV),Living Room,,[['mac'; '44:d5:cc:1f:2e:77']],
88ad1c9a24980a40d3d29c7776ebada7,John's Echo,Amazon,Echo (Gen1),,88ad1c9a24980a40d3d29c7776ebada7,[],
646ad48b42aecdf7c14977d2b8677e12,John's Echo Link,Amazon,Echo Link,,646ad48b42aecdf7c14977d2b8677e12,[],
20d442a2b3e1209c8374c8be3116e607,John's FireTVStick,Amazon,Fire TV Stick,,20d442a2b3e1209c8374c8be3116e607,[],
1ac6f622ba7c0bc5694739a81f6a44c6,John's Sonos Beam,Amazon,Sonos Beam,,1ac6f622ba7c0bc5694739a81f6a44c6,[],
7b853fbe7ec17cb506075c719d0f8a8b,John's WH-1000XM4,Amazon,UNKNOWN A7S41FQ5TWBC9,,7b853fbe7ec17cb506075c719d0f8a8b,[],
5e969d210c6b0a19edfab4c4eb4e32f0,Kitchen,Amazon,Sonos,,5e969d210c6b0a19edfab4c4eb4e32f0,[],
178709548784fb7fbdb5b5a12f01d2ef,Kitchen Echo Show,Amazon,Echo Show 10 (Gen3),,178709548784fb7fbdb5b5a12f01d2ef,[],
c9984d2dc37cbce4175617b9e740eb71,Living Room Echo Show,Amazon,Echo Show 10 (Gen3),,c9984d2dc37cbce4175617b9e740eb71,[],
fdb836b19a6695dae0d0dc9742787514,Living Room TV,Amazon,FIRE_TV A8MCGN45KMHDH,,fdb836b19a6695dae0d0dc9742787514,[],
62a3c5b94c2ae72963ff932a6ad1ba64,Master Bedroom Echo Show,Amazon,Echo Show 5 (Gen1),,62a3c5b94c2ae72963ff932a6ad1ba64,[],
f5f890e89395827a902dc607539788f0,Master Bedroom TV,Amazon,FIRE_TV A33S43L213VSHQ,,f5f890e89395827a902dc607539788f0,[],
6462cef515b6ba41b3e5baa9b0e93185,Upstairs,Amazon,Speaker Group,,6462cef515b6ba41b3e5baa9b0e93185,[],
c7aab061be18ca0292011262c51ab0ec,Upstairs Bathroom Echo Plus,Amazon,Echo Plus (Gen2),,c7aab061be18ca0292011262c51ab0ec,[],
86deb308af2fc138c0077cb7aae706d2,,Amazon Technologies Inc.,,,,[['mac'; 'f8:fc:e1:d2:94:e3']],
c31c4955db6f3b346e7e12cba268cf69,PFP - Echo Link,Amazon Technologies Inc.,,,,[['mac'; 'b0:fc:0d:a3:b8:63']],
a260ac2029958a1d9718ca72cc19b793,Claude conversation,Anthropic,claude-3-5-haiku-latest,,,[],
206b684a0addbef9b6096b8982179b21,Alaina's iPhone 17,Apple,iPhone18;1,,,[],
7f0f4e2bf7e88cb7dfd403ac4971d026,Ella’s iPhone,Apple,iPhone18;1,,,[],
f08baea549b3671a8b357261a6e6ef90,Garage_North_Door_Aqara_Door_Sensor,Aqara,Aqara Door and Window Sensor,Garage,b81c348ea93e5f63517c945384742b5e,[],
ecacddc705fc405f893d2ecc24d10997,Entry_Room_Front_Driveway_Door_Aqara_Contact_Sensor,Aqara,Aqara Door and Window Sensor,Entry Room,b81c348ea93e5f63517c945384742b5e,[],
ff20685381e529234927cf772cb8d393,Garage_South_Door_Aqara_Door_Sensor,Aqara,Aqara Door and Window Sensor,Garage,b81c348ea93e5f63517c945384742b5e,[],
4ccb6fee8a8d915b279521fe7d59663e,Back_Door_Aqara_Door_Sensor,Aqara,Aqara Door and Window Sensor,Entry Room,b81c348ea93e5f63517c945384742b5e,[],
6157c70083314e1f5d2ad1f28cf5dc09,Garage/Entry_Room_Walk-in_Door_Aqara_Door_Sensor,Aqara,Aqara Door and Window Sensor,Entry Room,b81c348ea93e5f63517c945384742b5e,[],
97d534ba962aecadd985df8327a967e6,Very_Front_Door_Aqara_Door_Sensor,Aqara,Aqara Door and Window Sensor,Very Front Door,b81c348ea93e5f63517c945384742b5e,[],
b81c348ea93e5f63517c945384742b5e,Aqara_Hub_M3,Aqara,Aqara Hub M3,Entry Room,,[],
1b2c2bd9867974558b8a821fa9013684,Kitchen_Under_Cabinet_Aqara_T1_LED_Strip,Aqara,Aqara LED Strip T1,Kitchen,b81c348ea93e5f63517c945384742b5e,[],
03b41366912159a1ce8200049821284a,Master_Bedroom_Behind_TV_Aqara_T1_LED_Strip,Aqara,Aqara LED Strip T1,Master Bedroom,b81c348ea93e5f63517c945384742b5e,[],
37a3cc1edcb4c0ad5aaafc13953dbdf4,Entry_Room_Aqara_Motion_Sensor,Aqara,Aqara Motion Sensor P1,Entry Room,b81c348ea93e5f63517c945384742b5e,[],
d4581352a42f1da266fb3bad298f1636,Kitchen_Aqara_Motion_Sensor_P1,Aqara,Aqara Motion Sensor P1,Kitchen,b81c348ea93e5f63517c945384742b5e,[],
939adeff2438f2af2eec19c07b3bcf86,Upstairs_Hallway_Aqara_Motion_Sensor,Aqara,Aqara Motion Sensor P1,Upstairs Hallway,b81c348ea93e5f63517c945384742b5e,[],
c1bb3eb022403b7630feb44c67086e11,West Kitchen Sensor Motion Sensor,Aqara,Aqara Motion Sensor P1,Kitchen,b81c348ea93e5f63517c945384742b5e,[],
0dd7b20e19a58f57c7ca5590ecd11d62,Basement Hallway Motion Sensor,Aqara,Aqara Motion Sensor P1,Basement Hallway,b81c348ea93e5f63517c945384742b5e,[],
901e88f32f15b375319ac1b695d6c073,Very Front Door Motion Sensor,Aqara,Aqara Motion Sensor P1,Very Front Door Hallway,b81c348ea93e5f63517c945384742b5e,[],
370641ef5c9cd926ce213e83b950e537,Basement_Domestic_Water_Main_Valve_Aqara_T1_Valve_Control,Aqara,Aqara Retrofit Valves T1,Basement,b81c348ea93e5f63517c945384742b5e,[],
d79682e55b9cb7380d5d1af21b99fa35,Basement_Boiler_Room_Navien_Combi_Boiler_Aqara_Smart_Plug,Aqara,Aqara Smart Plug US,Boiler Room,b81c348ea93e5f63517c945384742b5e,[],
d2c8667e549d6a2a3b26608ee6061e46,Aqara Temp/Humidity Sensor,Aqara,Aqara Temp/Humidity Sensor,,b81c348ea93e5f63517c945384742b5e,[],
da34f21880fdcda1c028ea037e1cf97f,Upstairs_Bathroom_Temp_and_Humidity_Sensor,Aqara,Aqara Temp/Humidity Sensor,2nd Floor Bathroom,b81c348ea93e5f63517c945384742b5e,[],
d511da690bfe350c42ffdc3d3dbb1382,Ella's_Bedroom_Aqara_Temp/Humidity_Sensor,Aqara,Aqara Temp/Humidity Sensor,Ella's Bedroom,b81c348ea93e5f63517c945384742b5e,[],
3682ae0c33f0b97fdedbd8897ded056c,Basement_Aqara_Temp/Humidity_Sensor,Aqara,Aqara Temp/Humidity Sensor,Basement,b81c348ea93e5f63517c945384742b5e,[],
bcf410256fbdcd92b79b3f9b68016f68,Alaina's_Bedroom_Aqara_Temp/Humidity_Sensor,Aqara,Aqara Temp/Humidity Sensor,Alaina's Bedroom,b81c348ea93e5f63517c945384742b5e,[],
cacc6406e09441d804c41e54a7498b72,1st_Floor_Bathroom_Aqara_Temp/Humidity_Sensor,Aqara,Aqara Temp/Humidity Sensor,1st Floor Bathroom,b81c348ea93e5f63517c945384742b5e,[],
9c25d9931a0060cbf0e820820feceb82,Aqara Temp/Humidity Sensor,Aqara,Aqara Temp/Humidity Sensor,,b81c348ea93e5f63517c945384742b5e,[],
01ce0093ccb5a816c26606b1b9cbb05f,Basement_North_Wall_Floor_Aqara_Water_Sensor,Aqara,Aqara Water Leak Sensor,Basement,b81c348ea93e5f63517c945384742b5e,[],
0dbb34a887aa5fcaf96cc7fab8b33747,Kitchen_Under_Sink_Aqara_Water_Sensor,Aqara,Aqara Water Leak Sensor,Kitchen,b81c348ea93e5f63517c945384742b5e,[],
aca9909300d57a1d773dbdaa9799ab4e,Kitchen_Under_Dishwasher_Aqara_Water_Sensor,Aqara,Aqara Water Leak Sensor,Kitchen,b81c348ea93e5f63517c945384742b5e,[],
6eb3e03a8d1ad87466ade5b3d90e34e0,Basement_Chimney_Floor_Aqara_Water_Sensor,Aqara,Aqara Water Leak Sensor,Basement,b81c348ea93e5f63517c945384742b5e,[],
4b4d570366daf930d5592dc1f9f91dfc,Kitchen_Under_Refrigerator_Floor_Aqara_Water_Sensor,Aqara,Aqara Water Leak Sensor,Kitchen,b81c348ea93e5f63517c945384742b5e,[],
6e3e9abb5dd20b95e4926c6c61980d7c,Bubble Card,Clooos,plugin,,,[],
1979794340be3104d589bd432adfb0b8,Cloudflared,Cloudflared,Home Assistant Add-on,,,[],
02f6860e38e3d438985e43e984bf4290,Mushroom Dashboard Strategy,DigiLive,plugin,,,[],
a2ffe91f6ff0665a3d1caeb27361342d,M - Kitchen Next Hub,Google Inc.,Google Nest Hub,,,[],user
5a067242b8ea7c45e3c1d4d76a971291,Nest Hub Max,Google Inc.,Google Nest Hub Max,Kitchen,,[],
e9b3c3831f7fb27bbec518b49aa2c75b,1st Floor Nest Thermostat,Google Nest,Thermostat,Entry Room,,[],
7ad0cacd3f14c335862099a98787b278,2nd Floor Nest Thermostat,Google Nest,Thermostat,Master Bedroom,,[],
04121982887bbb8783228721d3323472,Basement Nest Thermostat,Google Nest,Thermostat,Laundry Area,,[],
431724d80c1c421e86e8a9396d3db516,Garage Nest Thermostat,Google Nest,Thermostat,Garage,,[],
e30573486e96d2fc49de3e9bf881b85e,PFP West,Google Nest,Thermostat,Pigeon Falls Properties,,[],
79c0b38e8d4728a2a260b8ca55a73da4,PFP East,Google Nest,Thermostat,Pigeon Falls Properties,,[],
35b53ef3475490708c6a8fef7eb42ffb,Get HACS,HACS Add-ons Repository,Home Assistant Add-on,,,[],
d19f168d0b5f660b2120d909306b8fbc,Backup,Home Assistant,Home Assistant Backup,,,[],
a6674c133ec91c5abd1c83f834de2fab,Home Assistant Core,Home Assistant,Home Assistant Core,,,[],
19b8cf0d6b17c10ccc3e64991efdafb0,Home Assistant Host,Home Assistant,Home Assistant Host,,,[],
5d8dbc571dc32a589f19fd6d5ca9f79b,Home Assistant Operating System,Home Assistant,Home Assistant Operating System,,,[],
878401ecb5eab831e4113cbc17a22540,Home Assistant Supervisor,Home Assistant,Home Assistant Supervisor,,,[],
af5b3397bbdc495bcb8e6e189db20631,Advanced SSH & Web Terminal,Home Assistant Community Add-ons,Home Assistant Add-on,,,[],
0cffbd4f23fc216c2f42c05170a6f0e0,Nginx Proxy Manager,Home Assistant Community Add-ons,Home Assistant Add-on,,,[],
ac36f8b96766e4ce1b55c0334ebb8b47,Plex Media Server,Home Assistant Community Add-ons,Home Assistant Add-on,,,[],
434a96f4aec92702d42bf306afec4d6f,Spotify Connect,Home Assistant Community Add-ons,Home Assistant Add-on,,,[],
9cc4d6fa2c0764ce76a2875bf66cb7b5,Studio Code Server,Home Assistant Community Add-ons,Home Assistant Add-on,,,[],
a24fde536e9cee76e878276af1762abb,UniFi Network Application,Home Assistant Community Add-ons,Home Assistant Add-on,,,[],
0489781ef8d00419ecf1929bd865b2de,1st Floor Bathroom Vanity Lights,Inovelli,VZM30-SN,1st Floor Bathroom,1a7b412ecc5db21a258f24d10fd7d6ba,[['zigbee'; '20:a7:16:ff:fe:01:8c:b8']],
17a59d3c437c3475f22c29dd2b76777a,Kitchen Above Table Chandelier Inovelli,Inovelli,VZM30-SN,Kitchen,1a7b412ecc5db21a258f24d10fd7d6ba,[['zigbee'; '18:0d:f9:ff:fe:9a:79:66']],
89ca030d64760ad87512e97d13a2737d,Kitchen Above Sink Hue Ceiling Can Light Inovelli Switch,Inovelli,VZM30-SN,Kitchen,1a7b412ecc5db21a258f24d10fd7d6ba,[['zigbee'; '18:0d:f9:ff:fe:34:56:52']],
70c1c990c1792ade4fc2eb2fd0d8487a,Back Door Patio Light Inovelli Switch,Inovelli,VZM30-SN,Back Patio,1a7b412ecc5db21a258f24d10fd7d6ba,[['zigbee'; 'c0:9b:9e:ff:fe:d1:2e:ec']],
d80c7fa6d013f0fd1cbdd6f67c6a1cac,Entry Room Ceiling Light Inovelli Smart Dimmer Switch,Inovelli,VZM31-SN,Entry Room,1a7b412ecc5db21a258f24d10fd7d6ba,[['zigbee'; '8c:8b:48:ff:fe:4d:18:9f']],
da86388fe031a58775ff29f220baeb6c,Kitchen Bar Pendant Lights Inovelli VZM31-SN,Inovelli,VZM31-SN,Kitchen,1a7b412ecc5db21a258f24d10fd7d6ba,[['zigbee'; '38:5b:44:ff:fe:e8:e8:06']],
f671e66f54a04d91862f87b971d73452,Kitchen Under Cabinet Lights Inovelli Switch,Inovelli,VZM31-SN,Kitchen,1a7b412ecc5db21a258f24d10fd7d6ba,[['zigbee'; '04:e3:e5:ff:fe:59:cd:45']],
a3047d38aa79fe5b892d91a221f30f69,Kitchen Ceiling Can LED Lights Inovelli,Inovelli,VZM31-SN,Kitchen,1a7b412ecc5db21a258f24d10fd7d6ba,[['zigbee'; 'b4:3a:31:ff:fe:3b:92:5e']],
5e2d477e04d216ab91a0c2f1364ab118,Kitchen Lounge Inovelli Smart Dimmer,Inovelli,VZM31-SN,Kitchen Lounge,1a7b412ecc5db21a258f24d10fd7d6ba,[['zigbee'; '04:e3:e5:ff:fe:5f:55:c6']],
0600639e50d4e1ed71fdaa1ef789e678,1st Floor Bathroom Ceiling Lights -  Dimmer Switch Inovelli VZM31-SN,Inovelli,VZM31-SN,1st Floor Bathroom,1a7b412ecc5db21a258f24d10fd7d6ba,[['zigbee'; '8c:8b:48:ff:fe:4b:42:23']],
608cdc81a73355aec629b4a3938fbbaf,Kitchen_Lounge_Light/Fan_Inovelli VZM36,Inovelli,VZM36,Kitchen Lounge,1a7b412ecc5db21a258f24d10fd7d6ba,[['zigbee'; '88:1a:14:ff:fe:41:e7:46']],
78023f899063f67531b08bca9f4c7b54,Living Room Light and Fan Inovelli Module,Inovelli,VZM36,Living Room,1a7b412ecc5db21a258f24d10fd7d6ba,[['zigbee'; '0c:2a:6f:ff:fe:f2:87:02']],
422011d891e29c38ab757bdcee9e86d8,,Intel Corporate,,,,[['mac'; '04:56:e5:48:f0:08']],
a22ae82714241a31d0f37ea1118675a6,LUMI lumi.sensor_wleak.aq1,LUMI,lumi.sensor_wleak.aq1,,1a7b412ecc5db21a258f24d10fd7d6ba,[['zigbee'; '00:15:8d:00:8b:8c:d5:5d']],
916fd127cbcc84e7f9bfd295ae089e81,Aqara-Hub-M3-926B,Lumi United Technology Co.; Ltd,,,,[['mac'; '18:c2:3c:55:ed:82']],
bdc7b67cda6eeb8570515b4aa4e64829,Forecast,Met.no,Forecast,,,[],
43d6e74245b3b5d6dcf6e87cdf2e609d,Forecast,Met.no,Forecast,,,[],
2890a74d88af41279ee00d5ab2213130,Attic Mini Split,Mitsubishi Electric,Unknown Model,Attic,,[],
d7d56fe1532a37dfe2abcb4cf9a3021a,Kitchen  Mini Split,Mitsubishi Electric,HEATING WALL MOUNTED INDOOR,Kitchen,,[],
ebb21d81264abf6bb23ac8ca02fdc828,Living Room  Mini Split,Mitsubishi Electric,HEATING WALL MOUNTED INDOOR,Living Room,,[],
7002a718ec44c59e75bfc7bf6e9ff3dd,Upstairs Hallway  Mini Split,Mitsubishi Electric,Unknown Model,Upstairs Hallway,,[],
4a312f5bce7b4c87e983e5a2e4c314e7,Music Assistant,Music Assistant,Home Assistant Add-on,,,[],
b2d542d672027a94da4989e6d3a63487,Home Assistant Green,Nabu Casa; Inc.,,,,[['mac'; '20:f8:3b:01:f7:38']],
6c3d06d1a5b7afba0dc7062b4fc01c6e,Basement_Navien_Navilink_Module_CH1,Navien,,Boiler Room,,[],
a61fe41f9cf3c3971aa25ac4d1f44b58,Kiosk Mode,NemesisRE,plugin,,,[],
7557dc361cf460d744fb4c3bf46fa370,Spotify Mood Lights Sync,NiklasReiche,appdaemon,,,[],
2b7337e0769f0bbaef663af2ebbd2398,Assist Microphone,Official add-ons,Home Assistant Add-on,,,[],
205ba9e9990229f1b9e32738b2dd1ef6,File editor,Official add-ons,Home Assistant Add-on,,,[],
f9338b62def3fb524319ddd605f17d1e,Git pull,Official add-ons,Home Assistant Add-on,,,[],
43a07ce70eb2c10a024e416430fe5d00,Matter Server,Official add-ons,Home Assistant Add-on,,,[],
3cce54d5c727320eebc13da8b22d48fa,Piper,Official add-ons,Home Assistant Add-on,,,[],
7737e4c934cf223356f64f0ad1ce844f,Samba share,Official add-ons,Home Assistant Add-on,,,[],
a901ce9c399f2893a5dbcf36713e9629,Whisper,Official add-ons,Home Assistant Add-on,,,[],
4c48933172eba7a07103382d5d840205,openWakeWord,Official add-ons,Home Assistant Add-on,,,[],
8ccfe01b6ff78b90d6f4b0b49263aa17,Ella's Bedroom Hue Light Switch,PhilipsFoH,Works with Hue Switch,,3a6a3c38b469e4d72e6c36fc82151750,[],
b536da79cb3a6bdabb94fee8a869fa13,Living Room Hue Switch,PhilipsFoH,Works with Hue Switch,,3a6a3c38b469e4d72e6c36fc82151750,[],
55960887b54d48372a5101b3df686c12,Living Room Lounge Hue Switch,PhilipsFoH,Works with Hue Switch,,3a6a3c38b469e4d72e6c36fc82151750,[],
8c4c8996c4a5a321358554f545262eb6,DS224plus,Plex,Plex Media Server,,,[],
5b6b2699865b49c155f9144f3d7e561d,,Realtek Semiconductor Corp.,,,,[['mac'; '00:e0:4c:ee:e3:55']],
6a9aacb8b380f671d9a70b99e7ad0bff,,Realtek Semiconductor Corp.,,,,[['mac'; '00:e0:4c:ce:21:b4']],
ae22e00fd843b3e35623e332ba96f471,,Realtek Semiconductor Corp.,,,,[['mac'; '00:e0:4c:d6:6d:a6']],
f553a9e53bf915062efbb8dfaa02f438,,Realtek Semiconductor Corp.,,,,[['mac'; '00:e0:4c:49:d4:92']],
a04d420b382b1f62d8859125008d2377,,Realtek Semiconductor Corp.,,,,[['mac'; '00:e0:4c:13:b7:f5']],
540ea0257c359e21e5b9aed9e32024fa,,Realtek Semiconductor Corp.,,,,[['mac'; '00:e0:4c:0b:6d:44']],
bba59fc4b48834bb701229dff99a1925,,Realtek Semiconductor Corp.,,,,[['mac'; '00:e0:4c:7d:2c:0b']],
91e02bb16afb11d5790203252eb0384f,,Realtek Semiconductor Corp.,,,,[['mac'; '00:e0:4c:b2:17:3d']],
945e8d9832f8c20dc5d1bebd375cc203,Alaina's Bedroom Roku,Roku,Roku Ultra,Alaina's Bedroom,,[['mac'; '20:ef:bd:86:f0:7c']; ['mac'; '20:ef:bd:86:f0:7d']],
ae73486c70fe12c7a79474a28840a334,Kitchen Lounge TV,Roku,Streaming Stick 4K,Kitchen Lounge,,[['mac'; '34:5e:08:43:3f:d9']],
f7d1e7e84a17d4d07201720b226437a2,Bedroom,Roku; Inc.,,,,[['mac'; 'b8:3e:59:4a:30:f4']],
a6b172b76d86dedf686078deecdc9b92,apexcharts-card,RomRider,plugin,,,[],
a2f2c4939a0aac1b3ecf4358ac23cdb6,Kitchen,SONOS,Beam,,,[],
8a7d9d41f4549be1168a85f7077bcfa8,Upstairs Bathroom Fan,Shelly,Shelly Plus 1 UL,2nd Floor Bathroom,,[['mac'; '88:13:bf:9f:bf:5c']],
7d8ed16f88e79ecf2cf8b3e67460d970,Master Bedroom Floor Govee Light,Shenzhen Qianyan Technology,H6076,Master Bedroom,,[],
3798783a7f010253ec17c474a0b7f11f,Kitchen Govee Floor Lamp,Shenzhen Qianyan Technology,H6076,Kitchen,,[],
bf308f24a9aecab3593cf999ef3239db,C42996CA54E5,Signify B.V.,,,,[['mac'; 'c4:29:96:ba:54:e5']],
e7676dc3510bdf22440f69bd946c03d7,1st Floor Bathroom,Signify Netherlands B.V.,Room,1st Floor Bathroom,3a6a3c38b469e4d72e6c36fc82151750,[],
6caf2ae59a30d6f3bd93132d5e700b87,1st Floor Bathroom Ceiling 1of2,Signify Netherlands B.V.,Hue color lamp,,3a6a3c38b469e4d72e6c36fc82151750,[['mac'; '00:17:88:01:0e:b2:79:c1']],
069abc55e7997c4358f5d22cf74ca045,1st Floor Bathroom Ceiling 2of2,Signify Netherlands B.V.,Hue color lamp,,3a6a3c38b469e4d72e6c36fc82151750,[['mac'; '00:17:88:01:0e:b2:77:48']],
4bfdc3acb5281ae2dc563be3fc2fa6a3,1st Floor Moderate Lighting,Signify Netherlands B.V.,Zone,,3a6a3c38b469e4d72e6c36fc82151750,[],
cc63c2a4b4ccc8744eed47389c715b50,1st Floor Table Lamps,Signify Netherlands B.V.,Zone,,3a6a3c38b469e4d72e6c36fc82151750,[],
b9e534926b7a0f7f082f635a27f5a393,2nd Floor Bathroom,Signify Netherlands B.V.,Room,2nd Floor Bathroom,3a6a3c38b469e4d72e6c36fc82151750,[],
399e9d97f773dd78b62d611af08eea4d,2nd Floor Bathroom Ceiling 1of2,Signify Netherlands B.V.,Hue color candle,,3a6a3c38b469e4d72e6c36fc82151750,[['mac'; '00:17:88:01:0e:b7:b0:02']],
45c7ab767e47bd5a01917368fe4a1e08,2nd Floor Bathroom Ceiling 2of2,Signify Netherlands B.V.,Hue color candle,,3a6a3c38b469e4d72e6c36fc82151750,[['mac'; '00:17:88:01:0e:b8:9e:98']],
4a3c19bfd24b8b8787a165f0dd339bd7,2nd Floor Bathroom Vanity 1 of 3,Signify Netherlands B.V.,Hue color lamp,,3a6a3c38b469e4d72e6c36fc82151750,[['mac'; '00:17:88:01:0e:ae:f1:19']],
c4d2131285cb9d267a7b351b92ddd15e,2nd Floor Bathroom Vanity 2 of 3,Signify Netherlands B.V.,Hue color lamp,,3a6a3c38b469e4d72e6c36fc82151750,[['mac'; '00:17:88:01:0e:ae:ed:a1']],
332441f4c1b84255518f6b295e7276f6,2nd Floor Bathroom Vanity 3 of 3,Signify Netherlands B.V.,Hue color lamp,,3a6a3c38b469e4d72e6c36fc82151750,[['mac'; '00:17:88:01:0e:b2:a6:96']],
60084461788f0c9006b12642e1953b03,Alaina's Bedroom,Signify Netherlands B.V.,Room,Alaina's Bedroom,3a6a3c38b469e4d72e6c36fc82151750,[],
ab84163efa331bf9185116a67de3b522,Alaina's Bedroom Ceiling 1 of 2,Signify Netherlands B.V.,Hue color candle,,3a6a3c38b469e4d72e6c36fc82151750,[['mac'; '00:17:88:01:0e:b7:31:ec']],
30806609fe57a695b3c06332faac2811,Alaina's Bedroom Ceiling 2 of 2,Signify Netherlands B.V.,Hue color candle,,3a6a3c38b469e4d72e6c36fc82151750,[['mac'; '00:17:88:01:0e:b7:2c:29']],
f57ca4446e398eabb806384f99082cb4,Alaina's Bedroom Dimmer Switch,Signify Netherlands B.V.,Hue dimmer switch,,3a6a3c38b469e4d72e6c36fc82151750,[['mac'; '00:17:88:01:0e:90:c6:06']],
275160bf967a8eeaf13ed08297c33d4c,Alaina's Bedside Lamp,Signify Netherlands B.V.,Hue color lamp,Alaina's Bedroom,3a6a3c38b469e4d72e6c36fc82151750,[['mac'; '00:17:88:01:0e:c5:a7:14']],
b5add29e01b3eb9936a2a0ff5646ec3d,Back Patio,Signify Netherlands B.V.,Room,Back Patio,3a6a3c38b469e4d72e6c36fc82151750,[],
60d7ca9800c7a76cfca328753fe68b62,Back Patio Steps Light,Signify Netherlands B.V.,Hue color lamp,,3a6a3c38b469e4d72e6c36fc82151750,[['mac'; '00:17:88:01:0e:f7:4f:61']],
c2ff3598293bf624f5823bb050ec4714,Basement,Signify Netherlands B.V.,Room,Basement,3a6a3c38b469e4d72e6c36fc82151750,[],
a45af5f00dde600061b56a5db6b9d86c,Basement Workout Area Ceiling,Signify Netherlands B.V.,Hue color lamp,,3a6a3c38b469e4d72e6c36fc82151750,[['mac'; '00:17:88:01:0e:b2:91:7f']],
9551da54890099630751a45b8d820682,Basement stairs,Signify Netherlands B.V.,Room,Basement stairs,3a6a3c38b469e4d72e6c36fc82151750,[],
cf56328e7f3703e29329c5ae831bdb90,Ella's Bedroom,Signify Netherlands B.V.,Room,Ella's Bedroom,3a6a3c38b469e4d72e6c36fc82151750,[],
beaba429286ce9a06b998569b8dd22dd,Ella's Ceiling Light (2 of 3),Signify Netherlands B.V.,Hue color lamp,Ella's Bedroom,3a6a3c38b469e4d72e6c36fc82151750,[['mac'; '00:17:88:01:0e:bd:3f:27']],
20741ab624419445c36a60588417ba6c,Ella's Ceiling Light (3 of 3),Signify Netherlands B.V.,Hue color lamp,Ella's Bedroom,3a6a3c38b469e4d72e6c36fc82151750,[['mac'; '00:17:88:01:0e:c5:b2:0d']],
f5c411c7d96199978f731f36bd493a04,Ella's Ceiling Light (1 of 3),Signify Netherlands B.V.,Hue color lamp,Ella's Bedroom,3a6a3c38b469e4d72e6c36fc82151750,[['mac'; '00:17:88:01:0f:1b:9a:d8']],
6e43d463043a38ea3279b727970303f7,Ella's Bedroom Dimmer Switch,Signify Netherlands B.V.,Hue dimmer switch,,3a6a3c38b469e4d72e6c36fc82151750,[['mac'; '00:17:88:01:0e:90:be:e8']],
cb65e5a68dd45d42ccefc9bd245f2286,Ella's Bedroom Wall Light,Signify Netherlands B.V.,Hue color lamp,Ella's Bedroom,3a6a3c38b469e4d72e6c36fc82151750,[['mac'; '00:17:88:01:0e:c5:ad:06']],
88a4e07651e426bc1a39f96e112e82e3,Ella's Bedside Lamp,Signify Netherlands B.V.,Hue color lamp,Ella's Bedroom,3a6a3c38b469e4d72e6c36fc82151750,[['mac'; '00:17:88:01:0e:bd:2c:54']],
d2f277d5a1b128921179bad8e5e57170,Ella's Wall Light & Bedside Lamp,Signify Netherlands B.V.,Zone,,3a6a3c38b469e4d72e6c36fc82151750,[],
78e213890e86fdcf3ec22945be608adb,Entry + Kitchen All Lights,Signify Netherlands B.V.,Zone,,3a6a3c38b469e4d72e6c36fc82151750,[],
5618fce12c8499ac5a911cd8707cfb2e,Entry Room,Signify Netherlands B.V.,Room,Entry Room,3a6a3c38b469e4d72e6c36fc82151750,[],
9282040befab880d6ea627a351bd0bce,Entry Room Desk Lamp,Signify Netherlands B.V.,Hue color lamp,,3a6a3c38b469e4d72e6c36fc82151750,[['mac'; '00:17:88:01:0e:c5:f3:d5']],
3848214d5e649608da30aebfcfc991c5,Entry Room Tap Dial Switch,Signify Netherlands B.V.,Hue tap dial switch,,3a6a3c38b469e4d72e6c36fc82151750,[['mac'; '00:17:88:01:0f:0a:ef:82']],
29e944171f67bfb9ea90a836c16676e3,Entry_Rm_Ceiling_Hue_White 1/2,Signify Netherlands B.V.,Hue white lamp,,3a6a3c38b469e4d72e6c36fc82151750,[['mac'; '00:17:88:01:02:84:6d:22']],
a7f51560ccaef3a362e1f890e516310e,Entry_Rm_Ceiling_Hue_White 2/2,Signify Netherlands B.V.,Hue white lamp,,3a6a3c38b469e4d72e6c36fc82151750,[['mac'; '00:17:88:01:02:80:16:00']],
7afead4d33904c2c13af99d1ab4861e1,Front Driveway,Signify Netherlands B.V.,Room,Front Driveway,3a6a3c38b469e4d72e6c36fc82151750,[],
f786fcb9839c8981e617c6a3ed4b77de,Front Driveway North Light,Signify Netherlands B.V.,Hue color lamp,,3a6a3c38b469e4d72e6c36fc82151750,[['mac'; '00:17:88:01:0e:f7:57:be']],
19444b2d5b69f6779584a42471058d56,Front Driveway South Light,Signify Netherlands B.V.,Hue color lamp,,3a6a3c38b469e4d72e6c36fc82151750,[['mac'; '00:17:88:01:0e:f7:4f:10']],
2cab6ff5af1fd3e1f44350de66ad7b10,Garage,Signify Netherlands B.V.,Room,Garage,3a6a3c38b469e4d72e6c36fc82151750,[],
8af6bdd6f9aef27403fc3ab780324cbd,Garage Ceiling North Light,Signify Netherlands B.V.,Hue color downlight,,3a6a3c38b469e4d72e6c36fc82151750,[['mac'; '00:17:88:01:0e:96:d3:3c']],
02ae9f89776635373160bea95d83bb2a,Garage Ceiling North Opener-East,Signify Netherlands B.V.,Hue color lamp,,3a6a3c38b469e4d72e6c36fc82151750,[['mac'; '00:17:88:01:0e:9d:56:70']],
765ec1cd9d2616c95a600e326305cb0a,Garage Ceiling North Opener-West,Signify Netherlands B.V.,Hue color lamp,,3a6a3c38b469e4d72e6c36fc82151750,[['mac'; '00:17:88:01:0e:9d:51:96']],
62611c623de0b4d09c8f7057c2e137e0,Garage Ceiling South Light,Signify Netherlands B.V.,Hue color downlight,,3a6a3c38b469e4d72e6c36fc82151750,[['mac'; '00:17:88:01:0e:96:d3:cb']],
2b296d168c53ab4056ec85611b1f4c12,Garage Ceiling South Opener-East,Signify Netherlands B.V.,Hue color lamp,,3a6a3c38b469e4d72e6c36fc82151750,[['mac'; '00:17:88:01:0e:9d:51:fa']],
82a996aad0eeee0afefe70a94c7e5e85,Garage Ceiling South Opener-West,Signify Netherlands B.V.,Hue color lamp,,3a6a3c38b469e4d72e6c36fc82151750,[['mac'; '00:17:88:01:0e:9d:56:73']],
733bf0ddcda747a216aa6238b987fef1,Garage Dimmer Switch,Signify Netherlands B.V.,Hue dimmer switch,,3a6a3c38b469e4d72e6c36fc82151750,[['mac'; '00:17:88:01:0e:d4:c4:4a']],
9a50cd9e7f2b559b4fa267679184b56e,Hot Tub,Signify Netherlands B.V.,Zone,,3a6a3c38b469e4d72e6c36fc82151750,[],
3a6a3c38b469e4d72e6c36fc82151750,Hue Bridge,Signify Netherlands B.V.,Hue Bridge,Sun Room,,[['mac'; '00:17:88:01:0e:0a:54:e5']; ['mac'; 'c4:29:96:ca:54:e5']],
946f2e1b4724bcfb279ba3a4e1742914,Kitchen Above Sink Light,Signify Netherlands B.V.,Hue color downlight,,3a6a3c38b469e4d72e6c36fc82151750,[['mac'; '00:17:88:01:0e:96:d3:a3']],
0debc218b8e948781ee40a1c16f1a0fb,Kitchen Chandelier,Signify Netherlands B.V.,Room,Kitchen,3a6a3c38b469e4d72e6c36fc82151750,[],
435c859d3cfe0634a73fe523a8cef8ea,Kitchen Chandelier,Signify Netherlands B.V.,Zone,,3a6a3c38b469e4d72e6c36fc82151750,[],
588c5b0be20c98e9efb1da73d999b759,Kitchen Chandelier 1of5,Signify Netherlands B.V.,Hue color lamp,,3a6a3c38b469e4d72e6c36fc82151750,[['mac'; '00:17:88:01:0e:b2:79:bb']],
5dfd01171555c20527dfc0214cf8aba6,Kitchen Chandelier 2of5,Signify Netherlands B.V.,Hue color lamp,,3a6a3c38b469e4d72e6c36fc82151750,[['mac'; '00:17:88:01:0e:b2:7d:a2']],
4fc99ecebc259bc98ae9ef2815518014,Kitchen Chandelier 3of5,Signify Netherlands B.V.,Hue color lamp,,3a6a3c38b469e4d72e6c36fc82151750,[['mac'; '00:17:88:01:0e:b2:a2:df']],
b7836317d388d11950ca35c068838ced,Kitchen Chandelier 4of5,Signify Netherlands B.V.,Hue color lamp,,3a6a3c38b469e4d72e6c36fc82151750,[['mac'; '00:17:88:01:0e:b2:7d:a4']],
bd9a32e69dea6ef4fd307f010d8878ae,Kitchen Chandelier 5of5,Signify Netherlands B.V.,Hue color lamp,,3a6a3c38b469e4d72e6c36fc82151750,[['mac'; '00:17:88:01:0e:ae:ec:ef']],
cd587a4c4f26bc9a6897cc2131e4c924,Kitchen Lounge,Signify Netherlands B.V.,Room,Kitchen Lounge,3a6a3c38b469e4d72e6c36fc82151750,[],
4603dc70838b6dd7941df52ad6baf476,Kitchen Lounge Ceiling 1of2,Signify Netherlands B.V.,Hue color candle,,3a6a3c38b469e4d72e6c36fc82151750,[['mac'; '00:17:88:01:0e:b7:2b:bf']],
4bfe959d7a9ea191e018a19cf4a00793,Kitchen Lounge Ceiling 2of2,Signify Netherlands B.V.,Hue color candle,,3a6a3c38b469e4d72e6c36fc82151750,[['mac'; '00:17:88:01:0e:b7:32:8f']],
7b54d082360a53bba63203f43fad8fe7,Kitchen Lounge Lamp,Signify Netherlands B.V.,Hue color lamp,Kitchen,3a6a3c38b469e4d72e6c36fc82151750,[['mac'; '00:17:88:01:0f:1b:fb:64']],
761c6073924624f0c780b3564df3afed,Living Rm + Lounge Table Lamps,Signify Netherlands B.V.,Zone,,3a6a3c38b469e4d72e6c36fc82151750,[],
e855524b60c5c89b114640ff3ecacb39,Kitchen Floor Lamp,Signify Netherlands B.V.,Hue color lamp,Living Room,3a6a3c38b469e4d72e6c36fc82151750,[['mac'; '00:17:88:01:0f:1c:07:a5']],
e484dd8237ea68ecbe18aa946f5509ba,Living Room Lamp (1 of 2),Signify Netherlands B.V.,Hue color lamp,Living Room,3a6a3c38b469e4d72e6c36fc82151750,[['mac'; '00:17:88:01:0e:bd:62:2e']],
1c5f02925e9c12c7ba3dbdc246f3d9a4,Living Room Floor Lamps,Signify Netherlands B.V.,Zone,,3a6a3c38b469e4d72e6c36fc82151750,[],
ebf6fe76816f8bcd8a6b0b87901c68a2,Living Room Lounge,Signify Netherlands B.V.,Room,Sun Room,3a6a3c38b469e4d72e6c36fc82151750,[],
daa61e09ca22801cddca7ba4d255249a,Living Room Lounge Ceiling light (1 of 3),Signify Netherlands B.V.,Hue color lamp,Living Room Lounge,3a6a3c38b469e4d72e6c36fc82151750,[['mac'; '00:17:88:01:0f:1b:fc:51']],
91ae4b7302ce8f8fff89cc3c0b2d1547,Living Room Lounge Ceiling Light (2 of 3),Signify Netherlands B.V.,Hue color lamp,Living Room Lounge,3a6a3c38b469e4d72e6c36fc82151750,[['mac'; '00:17:88:01:0f:1b:9d:24']],
38e369b57ae763eb2c82deac34d755ed,Living Room Lounge Ceiling light (3 of 3),Signify Netherlands B.V.,Hue color lamp,Living Room Lounge,3a6a3c38b469e4d72e6c36fc82151750,[['mac'; '00:17:88:01:0f:1a:d9:a3']],
4100c6e2fe95004c4b7c8ba958f09a77,Living Room Lounge Ceiling Light,Signify Netherlands B.V.,Zone,,3a6a3c38b469e4d72e6c36fc82151750,[],
36e6fe728eec3a2d4fc6c4180cbe7df1,Living Room Lounge Dimmer Switch,Signify Netherlands B.V.,Hue dimmer switch,,3a6a3c38b469e4d72e6c36fc82151750,[['mac'; '00:17:88:01:0e:90:c3:c5']],
4d00c18f59aa25f21fbb50c2770ad721,Living Room Lounge Lamp,Signify Netherlands B.V.,Hue color lamp,Living Room Lounge,3a6a3c38b469e4d72e6c36fc82151750,[['mac'; '00:17:88:01:0f:1b:9d:69']],
70de3271f782eeda3ac227fc0616380a,Living Room Table Lamps,Signify Netherlands B.V.,Zone,,3a6a3c38b469e4d72e6c36fc82151750,[],
fef37275c648937cb84cf2cfa74b5199,Living Room Lamp (2 of 2),Signify Netherlands B.V.,Hue color lamp,Living Room,3a6a3c38b469e4d72e6c36fc82151750,[['mac'; '00:17:88:01:0e:98:8e:67']],
32a656051ca76435f37c091db98df6f0,Living Room West Floor Lamp,Signify Netherlands B.V.,Hue color lamp,,3a6a3c38b469e4d72e6c36fc82151750,[['mac'; '00:17:88:01:0f:1c:19:d3']],
2dde01d42099ea20c59a616e7b28203e,Living room,Signify Netherlands B.V.,Room,Living Room,3a6a3c38b469e4d72e6c36fc82151750,[],
acbe6a8a739feb6719cc743ae7f7cb92,Master Bedroom,Signify Netherlands B.V.,Room,Master Bedroom,3a6a3c38b469e4d72e6c36fc82151750,[],
b0ab6a1c94a72d29ec6a926466b63234,Master Bedroom Tap Dial Switch,Signify Netherlands B.V.,Hue tap dial switch,,3a6a3c38b469e4d72e6c36fc82151750,[['mac'; '00:17:88:01:0f:0b:b7:13']],
7cdfcf503e936a3617c0d143eb63aea4,Master Bedroom Wall Light,Signify Netherlands B.V.,Hue color lamp,Master Bedroom,3a6a3c38b469e4d72e6c36fc82151750,[['mac'; '00:17:88:01:0e:c5:f5:55']],
1a98f27bc5ebf9c2c3bdad2c39c3daaa,Upstairs Hallway,Signify Netherlands B.V.,Room,Upstairs Hallway,3a6a3c38b469e4d72e6c36fc82151750,[],
92e48fd1810fb46767c5939cdbcb07a1,Upstairs Hallway Ceiling 1 of 3,Signify Netherlands B.V.,Hue color candle,,3a6a3c38b469e4d72e6c36fc82151750,[['mac'; '00:17:88:01:0e:b7:b1:af']],
de2aa96e269e0327d58ca9012b12d000,Upstairs Hallway Ceiling 2 of 3,Signify Netherlands B.V.,Hue color candle,,3a6a3c38b469e4d72e6c36fc82151750,[['mac'; '00:17:88:01:0e:3f:1c:3a']],
91929e6d8a6fdcabdb26d0df7a4b90bf,Upstairs Hallway Ceiling 3 of 3,Signify Netherlands B.V.,Hue color candle,,3a6a3c38b469e4d72e6c36fc82151750,[['mac'; '00:17:88:01:0e:3f:26:32']],
29aadfc3e6a5934f91ac4d1bbb5b9fd5,Very Front  Door- North Exterior,Signify Netherlands B.V.,Hue color lamp,,3a6a3c38b469e4d72e6c36fc82151750,[['mac'; '00:17:88:01:0e:b2:76:ee']],
37e81b0083d8b905fb40d5e35fbc1fb5,Very Front  Door- South Exterior,Signify Netherlands B.V.,Hue color lamp,,3a6a3c38b469e4d72e6c36fc82151750,[['mac'; '00:17:88:01:0e:b2:77:c3']],
87c1335ea995ea4f95d3cefd34db72e3,Very Front Door,Signify Netherlands B.V.,Room,Very Front Door,3a6a3c38b469e4d72e6c36fc82151750,[],
b6c054c82b1f90ac71c99a7ea6c022b2,Very Front Door Ceiling Hallway,Signify Netherlands B.V.,Hue color lamp,,3a6a3c38b469e4d72e6c36fc82151750,[['mac'; '00:17:88:01:0f:1a:d9:c3']],
b8924dbf13d6d832c14564b264c4ac37,Very Front Door Hallway,Signify Netherlands B.V.,Room,Very Front Door Hallway,3a6a3c38b469e4d72e6c36fc82151750,[],
ae143ab5554f2607110ca10687316654,HD Home Run,Silicondust Engineering Ltd,,,,[['mac'; '00:18:dd:09:77:d6']],
1f7860c2bccb5a3b254ed880abc1d8ab,Kitchen Sonos Beam,Sonos,Beam,Kitchen Lounge,,[['upnp'; 'uuid:RINCON_74CA6091528801400']; ['mac'; '74:ca:60:91:52:88']],
e1919d8e36350339fa416ba0bbe0d228,Spotify pigeonfallsrn,Spotify AB,Spotify premium,,,[],
51b422d29f81dd392f3f831ae133db19,Alaina's LED Light Strip 1,TP-Link,KL400L5,Alaina's Bedroom,,[['mac'; '98:25:4a:a4:c4:40']],
271adc00f412123dc51490d7acee5064,Basement_Hallway_Smart_Switch,TP-Link,HS200,Basement Hallway,,[['mac'; 'f0:09:0d:0d:68:cd']],
0f63e62dc5a3831eb54c86efb9f521d6,Ella's LED lights,TP-Link,KL400L10,Ella's Bedroom,,[['mac'; '50:91:e3:8a:1f:ad']],
f3ef4d51808b230e7f281918e3fd9cdd,Front_Driveway_Lights,TP-Link,HS210,Front Driveway,,[['mac'; '28:87:ba:2f:c1:1e']],
33dece0f5dcad269b533401f62e689b0,Living_Room_Behind_TV_TP_Link_Smart_Light_Strip,TP-Link,KL400L5,Living Room,,[['mac'; '7c:f1:7e:af:7b:19']],
f448f0eb32d9112e360e3ccb09166d1f,Master Bedroom LED Light Strip,TP-Link,KL400L5,,,[['mac'; '7c:f1:7e:af:73:9a']],
71fa40f6b816cf759b71484ced04c8b0,PFP - Receiver,TP-Link,HS100,Pigeon Falls Properties,,[['mac'; '50:c7:bf:1e:e7:ff']],
1a7b412ecc5db21a258f24d10fd7d6ba,Zigbee Coordinator,Texas Instruments,CC2652,Stairway Cubby,,[['zigbee'; '00:12:4b:00:31:dd:41:f1']],
96fd7edb1f579a9477316c01d4b4e392,Garage South Lift Master Garage Door Opener West Light,Third Reality; Inc,3RCB01057Z,Garage,1a7b412ecc5db21a258f24d10fd7d6ba,[['zigbee'; '1c:78:4b:a1:0d:6a:00:00']],
344535fd7808372f61f9b0c4f80abb13,Garage North Lift Master Garage Door Opener East Light,Third Reality; Inc,3RCB01057Z,Garage,1a7b412ecc5db21a258f24d10fd7d6ba,[['zigbee'; '1c:78:4b:a0:a2:a5:00:00']],
7f51fe02ab497dcc929e813669bdf057,Garage South Lift Master Garage Door Opener East Light,Third Reality; Inc,3RCB01057Z,Garage,1a7b412ecc5db21a258f24d10fd7d6ba,[['zigbee'; '1c:78:4b:a1:18:06:00:00']],
44422e6f6622a9e4c3d9eb3b56e47979,Garage North Lift Master Garage Door Opener West Light,Third Reality; Inc,3RCB01057Z,Garage,1a7b412ecc5db21a258f24d10fd7d6ba,[['zigbee'; '1c:78:4b:a1:0e:b3:00:00']],
eab8054e473686bba64a8491e8803f59,Living_Room_Dual_Smart_Plug,Third Reality; Inc,3RDP01072Z,Living Room,1a7b412ecc5db21a258f24d10fd7d6ba,[['zigbee'; '4c:e1:75:4c:d2:d8:00:00']],
e4854e4d53fce26880eee686e731cb36,Kitchen_Lounge_TV_Dual_Smart_Plug,Third Reality; Inc,3RDP01072Z,Kitchen Lounge,1a7b412ecc5db21a258f24d10fd7d6ba,[['zigbee'; '4c:e1:75:4c:d3:8e:00:00']],
7b7e6569ba0e4df3556eee1e8438aa9e,2nd_Floor_Bathroom_Dual_Smart_Plug,Third Reality; Inc,3RDP01072Z,2nd Floor Bathroom,1a7b412ecc5db21a258f24d10fd7d6ba,[['zigbee'; '4c:e1:75:4c:d6:90:00:00']],
caaf26c59d6c519822e231650f52f4c8,Garage South Wall Motion; Light;  Sensor,Third Reality; Inc,3RSNL02043Z,Garage,1a7b412ecc5db21a258f24d10fd7d6ba,[['zigbee'; '1c:78:4b:9d:0f:23:00:00']],
d9355b9b518bb48d46963cf6dbc786b5,Stairwell_Night_Light,Third Reality; Inc,3RSNL02043Z,Stairway Cubby,1a7b412ecc5db21a258f24d10fd7d6ba,[['zigbee'; '1c:78:4b:9d:08:12:00:00']],
386a141e6e4c9bf7bc90ea39948e65c7,Garage South of East Wall Motion; Light;  Sensor,Third Reality; Inc,3RSNL02043Z,Garage,1a7b412ecc5db21a258f24d10fd7d6ba,[['zigbee'; '1c:78:4b:9d:0e:cd:00:00']],
ec4ff1c01f5fdafbb33fbb7a49f1ec60,Upstairs_Hallway_Night_Light,Third Reality; Inc,3RSNL02043Z,Upstairs Hallway,1a7b412ecc5db21a258f24d10fd7d6ba,[['zigbee'; '1c:78:4b:9d:18:e4:00:00']],
58167c5a28f0e8c64febbb6be02e72d2,Upstairs_Hallway_East_Wall_Night_Light,Third Reality; Inc,3RSNL02043Z,Upstairs Hallway,1a7b412ecc5db21a258f24d10fd7d6ba,[['zigbee'; '1c:78:4b:9d:06:d5:00:00']],
8f74c524e08ad86ae2935c056df37cfc,Living Room North Wall East Nightlight,Third Reality; Inc,3RSNL02043Z,Living Room,1a7b412ecc5db21a258f24d10fd7d6ba,[['zigbee'; '1c:78:4b:9d:09:94:00:00']],
d4426994839d8d89d3829a8ec1ea72f2,Entry_Room_East_Wall_Nightlight,Third Reality; Inc,3RSNL02043Z,Entry Room,1a7b412ecc5db21a258f24d10fd7d6ba,[['zigbee'; '1c:78:4b:9d:0b:4d:00:00']],
44967a7bd3e5f5fd658d514229ab48ee,Living Room North Wall West Nightlight,Third Reality; Inc,3RSNL02043Z,Living Room,1a7b412ecc5db21a258f24d10fd7d6ba,[['zigbee'; '1c:78:4b:9d:0d:c9:00:00']],
69b5b7d783ff9d61d33a6fda443d6ec5,Garage North of East Wall Motion; Light;  Sensor,Third Reality; Inc,3RSNL02043Z,Garage,1a7b412ecc5db21a258f24d10fd7d6ba,[['zigbee'; '1c:78:4b:9d:10:73:00:00']],
f22b81121d3c99cbba78701744ec55e9,Basement_Third Reality_Nightlight Motion Night Light,Third Reality; Inc,3RSNL02043Z,Basement,1a7b412ecc5db21a258f24d10fd7d6ba,[['zigbee'; '1c:78:4b:9d:16:2c:00:00']],
a0bc03df6efa68a08f16540d0abfda78,Entry_Room_West_Wall_Nightlight,Third Reality; Inc,3RSNL02043Z,Entry Room,1a7b412ecc5db21a258f24d10fd7d6ba,[['zigbee'; '1c:78:4b:9d:1f:6b:00:00']],
93516a6101eda865f3d4dc746687c659,Garage_North_Wall_Nightlight,Third Reality; Inc,3RSNL02043Z,Garage,1a7b412ecc5db21a258f24d10fd7d6ba,[['zigbee'; '1c:78:4b:9d:11:c1:00:00']],
bfccc71136352570ff226fdba08d003c,Kitchen_Keurig_Plug,Third Reality; Inc,3RSP02028BZ,Kitchen,1a7b412ecc5db21a258f24d10fd7d6ba,[['zigbee'; 'ff:ff:b4:0e:06:01:8c:d3']],
4499bbd68d3c06a0418d24c404af89cc,Living_Room_Subwoofer_Plug,Third Reality; Inc,3RSP02028BZ,Living Room,1a7b412ecc5db21a258f24d10fd7d6ba,[['zigbee'; 'ff:ff:b4:0e:06:01:96:b4']],
5db4a6c3f7186238353ea0fe62828687,Kitchen_Echo_Show_Plug,Third Reality; Inc,3RSP02028BZ,Kitchen,1a7b412ecc5db21a258f24d10fd7d6ba,[['zigbee'; 'ff:ff:b4:0e:06:01:73:60']],
a6f8ca8c4d58cf8897e6d3329479985f,Living_Room_Echo_Show_Plug,Third Reality; Inc,3RSP02028BZ,Living Room,1a7b412ecc5db21a258f24d10fd7d6ba,[['zigbee'; 'ff:ff:b4:0e:06:01:4b:08']],
682d9ca8e85f0798f6b47e6c7a61022d,Basement AVR – HARD POWER RESET,Third Reality; Inc,3RSP02028BZ,Basement,1a7b412ecc5db21a258f24d10fd7d6ba,[['zigbee'; 'ff:ff:b4:0e:06:01:95:f1']],
a4b0338eaca688685e6716be59cbc202,Basement_Washer_Plug,Third Reality; Inc,3RSP02028BZ,Laundry Area,1a7b412ecc5db21a258f24d10fd7d6ba,[['zigbee'; 'ff:ff:b4:0e:06:01:99:ec']],
705b6ada38818515d1d7db529c17f2fd,Basement_Dehumidifier_Plug,Third Reality; Inc,3RSP02028BZ,Basement,1a7b412ecc5db21a258f24d10fd7d6ba,[['zigbee'; 'ff:ff:b4:0e:06:01:50:a1']],
282cf5e7c4bb4b80016e9ad818c8ee68,Upstairs_Hallway_Plug,Third Reality; Inc,3RSP02028BZ,Upstairs Hallway,1a7b412ecc5db21a258f24d10fd7d6ba,[['zigbee'; 'ff:ff:b4:0e:06:01:7e:07']],
a863eb82b0631e8892d184fbb25caf51,Basement_TV_Smart_Plug,Third Reality; Inc,3RSP02028BZ,Basement,1a7b412ecc5db21a258f24d10fd7d6ba,[['zigbee'; 'ff:ff:b4:0e:06:03:e6:c3']],
f8481c91b698e1fd2f9e731625bee174,Basement_Flourescent_Light_Plug,Third Reality; Inc,3RSP02028BZ,Basement,1a7b412ecc5db21a258f24d10fd7d6ba,[['zigbee'; 'ff:ff:b4:0e:06:04:95:5f']],
8a1bcaf9adb5bcb019c145729de9537f,Basement_Milwaukee_Charger_Smart_Plug,Third Reality; Inc,3RSP02028BZ,Basement,1a7b412ecc5db21a258f24d10fd7d6ba,[['zigbee'; 'ff:ff:b4:0e:06:03:f4:12']],
de6b169fa42d722d5fadcce41db67c0f,Basement_Echo_Smart_Plug,Third Reality; Inc,3RSP02028BZ,Basement,1a7b412ecc5db21a258f24d10fd7d6ba,[['zigbee'; 'ff:ff:b4:0e:06:03:a9:f5']],
43912cd18bc887875d54bdf733e92005,Garage_Projector_and_AV_Smart_Plug,Third Reality; Inc,3RSP02028BZ,Garage,1a7b412ecc5db21a258f24d10fd7d6ba,[['zigbee'; 'ff:ff:b4:0e:06:04:e3:8e']],
3e0a263a5b776de2f188e3772b6c4db6,Living_Room_TV_Smart_Plug,Third Reality; Inc,3RSP02028BZ,Living Room,1a7b412ecc5db21a258f24d10fd7d6ba,[['zigbee'; 'ff:ff:b4:0e:06:05:6e:a7']],
a82749710eca7edade1559c70cd431e6,Kitchen_Roomba_Smart_Plug,Third Reality; Inc,3RSP02028BZ,Kitchen,1a7b412ecc5db21a258f24d10fd7d6ba,[['zigbee'; 'ff:ff:b4:0e:06:04:26:78']],
e3dec303106821a4e9a122b874b89821,Kitchen_Lounge_Brava_Jet_Smart_Plug,Third Reality; Inc,3RSP02028BZ,Kitchen Lounge,1a7b412ecc5db21a258f24d10fd7d6ba,[['zigbee'; 'ff:ff:b4:0e:06:03:fa:0f']],
5194b0204e922da2b861dd2a38f2a627,AI Theta,Ubiquiti,AI Theta,,5aaf8cbe02ec8227374c316c14a44456,[['mac'; 'f4:e2:c6:0b:e6:56']],
c0a13dddbcef196381eab3ea3111a63e,Back Yard,Ubiquiti,G4 Bullet,Back Yard Tower,5aaf8cbe02ec8227374c316c14a44456,[['mac'; 'f4:e2:c6:0b:9f:bf']],
b91ed78e5f6bb6e5fe81174541ea114c,Front Driveway Door,Ubiquiti,G4 Doorbell Pro,Front door,5aaf8cbe02ec8227374c316c14a44456,[['mac'; 'f4:e2:c6:71:a0:31']],
d20de87888822685d481d93a114e4fac,G4 Bullet,Ubiquiti,G4 Bullet,Pigeon Falls Properties,5aaf8cbe02ec8227374c316c14a44456,[['mac'; '70:a7:41:0c:53:19']],
4f697c6b7bf0fac183965fe827d995f2,G6 Bullet,Ubiquiti,G6 Bullet,,5aaf8cbe02ec8227374c316c14a44456,[['mac'; '1c:0b:8b:f4:82:b9']],
ffcfb6292b2afa6027021745ac5d304b,Kitchen AI Theta,Ubiquiti,AI Theta,Kitchen,5aaf8cbe02ec8227374c316c14a44456,[['mac'; 'f4:e2:c6:0b:e6:19']],
64b88b54930c184e3ef7d2dc9068287e,Third Party Camera,Ubiquiti,Third Party Camera,,5aaf8cbe02ec8227374c316c14a44456,[['mac'; '90:09:d0:85:8d:29']],user
af48ac85f0e48e7609a65b12c4deed01,Third Party Camera,Ubiquiti,Third Party Camera,,5aaf8cbe02ec8227374c316c14a44456,[['mac'; '90:09:d0:85:8d:2a']],
8327a271eeda1cb1a4592559e9bdfb21,Very Front Door,Ubiquiti,G4 Doorbell Pro,Very Front Door,5aaf8cbe02ec8227374c316c14a44456,[['mac'; 'f4:e2:c6:71:95:0c']],
c68523e02ab4c8c34aa47cdb1d4b56e9,1st Floor AP,Ubiquiti Networks,UAL6,Kitchen Lounge,,[['mac'; 'd0:21:f9:eb:b8:8c']],
4460022c6c857cf4f86efd6cadde3ca2,2nd Floor AP,Ubiquiti Networks,UAL6,Master Bedroom,,[['mac'; '70:a7:41:c6:1e:6c']],
26147e89c528b4519ce1e21a4b8a9af8,40062 Hwy 53 UBB,Ubiquiti Networks,UBB,Back Patio,,[['mac'; 'ac:8b:a9:5c:a4:9f']],
9c3c8360fe00459e7e1660aa890b5e41,Garage AP,Ubiquiti Networks,U7PG2,Garage,,[['mac'; 'f4:92:bf:69:53:f0']],
687e2d8091f5ee50d6f24b54b65e9251,Goetting ,Ubiquiti Networks,UniFi WLAN,,,[],
31fcc85cf97107766542fb19cc438564,Goetting WiFi,Ubiquiti Networks,UAL6,,,[['mac'; '60:22:32:3d:b6:44']],
383e12314b5d31511625777e81764d17,P.F.P - AP- AC Pro,Ubiquiti Networks,U7PG2,,,[['mac'; 'f0:9f:c2:26:6e:23']],
ec3706ee62248adb5c52ab67dae3a243,P.F.P. - UBB,Ubiquiti Networks,UBB,Back Yard Tower,,[['mac'; 'ac:8b:a9:57:c9:9c']],
01ca1addee1710b6a7e854d244eff122,P.F.P. - USW-Lite-8-PoE,Ubiquiti Networks,USL8LPB,Pigeon Falls Properties,,[['mac'; '28:70:4e:c2:71:2e']],
5063eaa2ceab865d7552d1fb97e6a82d,Pigeon Falls Properties,Ubiquiti Networks,UniFi WLAN,,,[],
efc040f1f65e6ef7212134023334fad5,Pigeon Falls Properties - IoT,Ubiquiti Networks,UniFi WLAN,,,[],
c05524115ce5eaf326a9b79310dadc35,Spencer,Ubiquiti Networks,UniFi WLAN,,,[],
cf06e4833692248b88ff50b4bdb69c1b,Spencer - guest,Ubiquiti Networks,UniFi WLAN,,,[],
b414e0d01c9f3fdf6bff54e761391e14,Spencer IoT,Ubiquiti Networks,UniFi WLAN,,,[],
5d72e14c43734cd95f48fdf1f0734a6c,Tower - Flex,Ubiquiti Networks,USF5P,,,[['mac'; 'ac:8b:a9:bc:8c:dd']],
5aaf8cbe02ec8227374c316c14a44456,UDM PRO,Ubiquiti Networks,UDMPROSE,,,[['mac'; '70:a7:41:aa:f6:4e']],
062719830fcf1d0eb7a31777f5a2d0df,USW Lite 8 PoE,Ubiquiti Networks,USL8LP,,,[['mac'; '70:a7:41:de:bb:59']],
5ef31bfbf3b4525c8ca40bf846670e94,USW Pro Max 16 PoE,Ubiquiti Networks,USPM16P,,,[['mac'; '6c:63:f8:8e:9b:9f']],
bcf358083e60ae6df0f4a7a4c1447be3,UniFi Network,Ubiquiti Networks,UniFi Network Application,,,[],
f3238128557995683a812bddf4d388aa,UniFi Network,Ubiquiti Networks,UniFi Network,,,[],
0ac4e6fc7e945e1128f7552c9f0f2d3d,Living Room,Vizio,V4K50S-0809,,,[],
57ad06931daf2ca2d68025958141d5ae,RX-V671,YAMAHA CORPORATION,RX-V671,,,[['upnp'; 'uuid:9ab0c000-f668-11de-9976-00a0de88a428']; ['mac'; '00:a0:de:88:a4:28']],
1fef98fbed5b4222153550f3c5f78ec6,Basement Yamaha AV receiver- RX-V671 MAIN,Yamaha,RX-V671,Smart Home AV,,[],
a1ee50db718b2b93fa772abb4a28cd48,Basement receiver zone 2,Yamaha,RX-V671,Back Patio,,[],
75ec28b968d5e318d9db05c8a1ffb18c,Yamaha AV receiver RX-V671,Yamaha Corporation,,Smart Home AV,,[['mac'; '00:a0:de:88:a4:28']],
3a52398968fe26cb3b7e2c9686847ce4,Alexa Media Player,alandtse; keatontaylor,integration,,,[],
0629c3bb2204190e8e2984594287791c,Battery Notes,andrew-codechimp,integration,,,[],
e7d7028d283d0b9b436e51db18bcd0f4,mini climate card,artem-sedykh,plugin,,,[],
ed9c58df379906311a0035b68be6fb50,Adaptive Lighting,basnijholt; RubenKelevra; th3w1zard1; protyposis,integration,,,[],
c23ad97a65229c6d59ac91ad76ba9129,Multiple Entity Row,benct,plugin,,,[],
1cabdd0ed42b69049084e2231d0957f8,Spotify Lovelace Card,custom-cards,plugin,,,[],
3ee3ff96cf05b73fda946e115a6adb6f,Stack In Card,custom-cards,plugin,,,[],
f66264f39bc14e2fc44f7ff26a4d9414,button-card,custom-cards,plugin,,,[],
a2d345431924c540bcff4ba6e01262fe,Plotly Graph Card,dbuezas,plugin,,,[],
b6174bb5f9708d6b8f3b5e07dc652626,Music Assistant Player Card,droans,plugin,,,[],
3a6ccb29bcc218deff6968308985df93,Dwains Dashboard,dwainscheeren,integration,,,[],
3e17c428e8eaff5b21163b0d46e2764d,Spotcast,fondberg; fcusson,integration,,,[],
7bd1adac913388b8024e5e43b7f7c4b8,HACS,hacs.xyz,,,,[],
74a49433d956ea9657d7be383a4a0d35,Mitsubishi Comfort,jjustinwilson,integration,,,[],
924de25ce872b9fc7c915f67dcd57e78,mini-graph-card,kalkih,plugin,,,[],
72e1fb81c2bb0a44cdc702406020a916,Tuya Local,make-all,integration,,,[],
ce4c8833b5e766952c6a82d41628ce7a,Yamaha (YNCA),mvdwetering,integration,,,[],
397968242dd36cfb6303ff273ef8e128,Navien Water Heater Custom Integration,nikshriv,integration,,,[],
f3bdf7168a8228752c4dc6f17250a73b,Mushroom,piitaya,plugin,,,[],
da28db8d71ba13eb7cdec026ffd23263,Mushroom Themes,piitaya,theme,,,[],
428965c845294c751e54d6a660374afb,Garage_South_Garage_Door_ratgdo32disco,ratgdo,esphome,Garage,,[['mac'; '14:33:5c:57:35:e8']],
894626fbc649447834a4a54d1cdf85e6,Garage_North_Garage_Door_ratgdo32disco,ratgdo,esphome,Garage,,[['mac'; '38:18:2b:fd:8d:8c']],
4d84ec67fc4f4aba5060f7aff5146837,Yamaha R-N301,rihokirss,integration,,,[],
a02a37d391e034f8100b6b57dec8118c,Local Tuya,rospogrigio; postlund,integration,,,[],
c8d38f36549aa6a411d2b773b4d2bb0f,John's S24 Ultra Phone,samsung,SM-S928U,,,[],
86870b5d8b01f345f5d5dd9c2ac06d2b,Kitchen Wall A9+ Tablet,samsung,SM-X210,Kitchen,,[],
2f805bbee60bbf1e517ea4fbe19ca0d7,HA Dashboard Tablet (Samsung),samsung,SM-X210,,,[],
6597c64a1be94ba96a6424418cf975f3,UI Lovelace Minimalist,stokkie90; wilbiev,integration,,,[],
2d2cc683fe6d6f646ad4d35ac3343c4d,auto-entities,thomasloven,plugin,,,[],
bdb62d0d9ba509a1542b6ab83fd3191a,card-mod,thomasloven,plugin,,,[],
40155cfa816fae5893999e68f55146b5,fold-entity-row,thomasloven,plugin,,,[],
b050f79c815c551c8edf695fa7c5b70e,layout-card,thomasloven,plugin,,,[],
aa86cc7cdc9bbc761189ce730b662c52,slider-entity-row,thomasloven,plugin,,,[],
4f6ded8fde9bdc30a01a1a264fb8a40f,Atomic Calendar Revive,totaldebug,plugin,,,[],
208a090f01c328baea2ccd3ec3d3e60f,Node-RED Companion,zachowj,integration,,,[],
