entity_id,friendly_name,sensor_type,platform,manufacturer,area,has_area,disabled,notes
binary_sensor.1st_floor_bathroom_hallway_motion,1st Floor Bathroom Hallway Motion,motion,template,,,MISSING,,CRITICAL: NEEDS AREA
binary_sensor.1st_floor_bathroom_motion,1st Floor Bathroom Motion,motion,template,,,MISSING,,CRITICAL: NEEDS AREA
binary_sensor.1st_floor_bathroom_night_light_motion,Motion,motion,zha,Third Reality; Inc,Garage,YES,,
binary_sensor.ai_theta_motion,Motion,motion,unifiprotect,Ubiquiti,,MISSING,,CRITICAL: NEEDS AREA
binary_sensor.alaina_s_bedroomotionaware_area,Alaina's  BedrooMotionAware area,motion,hue,Signify Netherlands B.V.,Alaina's Bedroom,YES,,
binary_sensor.aqara_door_and_window_sensor_door,Door,door,matter,Aqara,Entry Room,YES,,
binary_sensor.aqara_door_and_window_sensor_door_2,Door,door,matter,Aqara,Very Front Door,YES,,
binary_sensor.aqara_door_and_window_sensor_door_3,Door,door,matter,Aqara,Entry Room,YES,,
binary_sensor.aqara_door_and_window_sensor_door_4,Door,door,matter,Aqara,Entry Room,YES,,
binary_sensor.aqara_door_and_window_sensor_door_5,Garage_North_Door_Aqara_Door_Sensor,door,matter,Aqara,Garage,YES,,
binary_sensor.aqara_door_and_window_sensor_door_6,Door,door,matter,Aqara,Garage,YES,,
binary_sensor.aqara_motion_sensor_p1_occupancy,Occupancy,motion,matter,Aqara,Entry Room,YES,,
binary_sensor.aqara_motion_sensor_p1_occupancy_2,Occupancy,motion,matter,Aqara,Upstairs Hallway,YES,,
binary_sensor.aqara_motion_sensor_p1_occupancy_3,Occupancy,motion,matter,Aqara,Kitchen,YES,,
binary_sensor.aqara_motion_sensor_p1_occupancy_6,Occupancy,motion,matter,Aqara,Kitchen,YES,,
binary_sensor.aqara_water_leak_sensor_water_leak,Water leak,water,matter,Aqara,Kitchen,YES,,
binary_sensor.aqara_water_leak_sensor_water_leak_2,Water leak,water,matter,Aqara,Kitchen,YES,,
binary_sensor.aqara_water_leak_sensor_water_leak_3,Water leak,water,matter,Aqara,Kitchen,YES,,
binary_sensor.aqara_water_leak_sensor_water_leak_4,Water leak,water,matter,Aqara,Basement,YES,,
binary_sensor.aqara_water_leak_sensor_water_leak_5,Water leak,water,matter,Aqara,Basement,YES,,
binary_sensor.back_yard_motion,Motion,motion,unifiprotect,Ubiquiti,Back Yard Tower,YES,,
binary_sensor.basement_hallway_motion_sensor_occupancy,Occupancy,motion,matter,Aqara,Basement Hallway,YES,,
binary_sensor.downstairs_motion,Downstairs Motion,motion,template,,,MISSING,,CRITICAL: NEEDS AREA
binary_sensor.ella_s_bedroom_motionaware_area,Ella's Bedroom MotionAware area,motion,hue,Signify Netherlands B.V.,Ella's Bedroom,YES,,
binary_sensor.entry_room_east_wall_nightlight_motion,Motion,motion,zha,Third Reality; Inc,Entry Room,YES,,
binary_sensor.entry_room_motion,Entry Room Motion,motion,template,,,MISSING,,CRITICAL: NEEDS AREA
binary_sensor.entry_room_west_wall_nightlight_motion,Motion,motion,zha,Third Reality; Inc,Entry Room,YES,,
binary_sensor.front_door_hallway_motion,Front Door Hallway Motion,motion,template,,,MISSING,,CRITICAL: NEEDS AREA
binary_sensor.front_driveway_door_animal_detected,Animal detected,door,unifiprotect,Ubiquiti,Front door,YES,,
binary_sensor.front_driveway_door_audio_object_detected,Audio object detected,door,unifiprotect,Ubiquiti,Front door,YES,,
binary_sensor.front_driveway_door_baby_cry_detected,Baby cry detected,door,unifiprotect,Ubiquiti,Front door,YES,,
binary_sensor.front_driveway_door_co_alarm_detected,CO alarm detected,door,unifiprotect,Ubiquiti,Front door,YES,,
binary_sensor.front_driveway_door_doorbell,Doorbell,door,unifiprotect,Ubiquiti,Front door,YES,,
binary_sensor.front_driveway_door_is_dark,Is dark,door,unifiprotect,Ubiquiti,Front door,YES,,
binary_sensor.front_driveway_door_motion,Motion,motion,unifiprotect,Ubiquiti,Front door,YES,,
binary_sensor.front_driveway_door_object_detected,Object detected,door,unifiprotect,Ubiquiti,Front door,YES,,
binary_sensor.front_driveway_door_package_detected,Package detected,door,unifiprotect,Ubiquiti,Front door,YES,,
binary_sensor.front_driveway_door_person_detected,Person detected,door,unifiprotect,Ubiquiti,Front door,YES,,
binary_sensor.front_driveway_door_smoke_alarm_detected,Smoke alarm detected,door,unifiprotect,Ubiquiti,Front door,YES,,
binary_sensor.front_driveway_door_speaking_detected,Speaking detected,door,unifiprotect,Ubiquiti,Front door,YES,,
binary_sensor.front_driveway_door_vehicle_detected,Vehicle detected,door,unifiprotect,Ubiquiti,Front door,YES,,
binary_sensor.g4_bullet_motion,Motion,motion,unifiprotect,Ubiquiti,Pigeon Falls Properties,YES,,
binary_sensor.g6_bullet_motion,Motion,motion,unifiprotect,Ubiquiti,,MISSING,,CRITICAL: NEEDS AREA
binary_sensor.garage_north_door_alert_active,Garage North Door Alert Active,door,template,,,MISSING,,CRITICAL: NEEDS AREA
binary_sensor.garage_north_wall_nightlight_motion,Motion,motion,zha,Third Reality; Inc,Garage,YES,,
binary_sensor.garage_south_door_alert_active,Garage South Door Alert Active,door,template,,,MISSING,,CRITICAL: NEEDS AREA
binary_sensor.house_motion_active,House Motion Active,motion,template,,,MISSING,,CRITICAL: NEEDS AREA
binary_sensor.house_motion_any,House Motion Any,motion,template,,,MISSING,,CRITICAL: NEEDS AREA
binary_sensor.kitchen_ai_theta_motion,Motion,motion,unifiprotect,Ubiquiti,Kitchen,YES,,
binary_sensor.kitchen_counter_night_light_motion,Motion,motion,zha,Third Reality; Inc,Stairway Cubby,YES,,
binary_sensor.kitchen_counter_nightlight_motion,Motion,motion,zha,Third Reality; Inc,Garage,YES,,
binary_sensor.kitchen_lounge_motion,Kitchen Lounge Motion,motion,template,,,MISSING,,CRITICAL: NEEDS AREA
binary_sensor.kitchen_motion,Kitchen Motion,motion,template,,,MISSING,,CRITICAL: NEEDS AREA
binary_sensor.kitchen_west_wall_nightlight_motion,Motion,motion,zha,Third Reality; Inc,Basement,YES,,
binary_sensor.living_rm_loungemotionaware_area,Living Rm LoungeMotionAware area,motion,hue,Signify Netherlands B.V.,Sun Room,YES,,
binary_sensor.living_room_motion,Living Room Motion,motion,template,,,MISSING,,CRITICAL: NEEDS AREA
binary_sensor.living_room_north_wall_east_nightlight_motion,Motion,motion,zha,Third Reality; Inc,Living Room,YES,,
binary_sensor.living_room_north_wall_west_nightlight_motion,Motion,motion,zha,Third Reality; Inc,Living Room,YES,,
binary_sensor.ratgdo32disco_5735e8_motion,Motion,motion,esphome,ratgdo,Garage,YES,,
binary_sensor.ratgdo32disco_fd8d8c_motion,Motion,motion,esphome,ratgdo,Garage,YES,,
binary_sensor.upstairs_bathroom_motion,Upstairs Bathroom Motion,motion,template,,,MISSING,,CRITICAL: NEEDS AREA
binary_sensor.upstairs_bathroom_night_light_motion,Motion,motion,zha,Third Reality; Inc,Garage,YES,,
binary_sensor.upstairs_hallway_east_wall_night_light_motion,Motion,motion,zha,Third Reality; Inc,Upstairs Hallway,YES,,
binary_sensor.upstairs_hallway_motion,Upstairs Hallway Motion,motion,template,,,MISSING,,CRITICAL: NEEDS AREA
binary_sensor.upstairs_hallway_night_light_motion,Motion,motion,zha,Third Reality; Inc,Upstairs Hallway,YES,,
binary_sensor.upstairs_motion,Upstairs Motion,motion,template,,,MISSING,,CRITICAL: NEEDS AREA
binary_sensor.upstairs_motionaware_area,Upstairs  MotionAware area,motion,hue,Signify Netherlands B.V.,Upstairs Hallway,YES,,
binary_sensor.very_front_door_animal_detected,Animal detected,door,unifiprotect,Ubiquiti,Very Front Door,YES,,
binary_sensor.very_front_door_audio_object_detected,Audio object detected,door,unifiprotect,Ubiquiti,Very Front Door,YES,YES,
binary_sensor.very_front_door_baby_cry_detected,Baby cry detected,door,unifiprotect,Ubiquiti,Very Front Door,YES,,
binary_sensor.very_front_door_co_alarm_detected,CO alarm detected,door,unifiprotect,Ubiquiti,Very Front Door,YES,,
binary_sensor.very_front_door_doorbell,Doorbell,door,unifiprotect,Ubiquiti,Very Front Door,YES,,
binary_sensor.very_front_door_is_dark,Is dark,door,unifiprotect,Ubiquiti,Very Front Door,YES,,
binary_sensor.very_front_door_motion,Motion,motion,unifiprotect,Ubiquiti,Very Front Door,YES,,
binary_sensor.very_front_door_motion_sensor_occupancy,Occupancy,motion,matter,Aqara,Very Front Door Hallway,YES,,
binary_sensor.very_front_door_object_detected,Object detected,door,unifiprotect,Ubiquiti,Very Front Door,YES,YES,
binary_sensor.very_front_door_package_detected,Package detected,door,unifiprotect,Ubiquiti,Very Front Door,YES,,
binary_sensor.very_front_door_person_detected,Person detected,door,unifiprotect,Ubiquiti,Very Front Door,YES,,
binary_sensor.very_front_door_smoke_alarm_detected,Smoke alarm detected,door,unifiprotect,Ubiquiti,Very Front Door,YES,,
binary_sensor.very_front_door_speaking_detected,Speaking detected,door,unifiprotect,Ubiquiti,Very Front Door,YES,,
binary_sensor.very_front_door_vehicle_detected,Vehicle detected,door,unifiprotect,Ubiquiti,Very Front Door,YES,,
sensor.1st_floor_bathroom_ceiling_lights_dimmer_switch_inovelli_vzm31_sn_internal_temperature,Internal temperature,temperature,zha,Inovelli,1st Floor Bathroom,YES,,
sensor.1st_floor_bathroom_night_light_illuminance,Illuminance,illuminance,zha,Third Reality; Inc,Garage,YES,,
sensor.1st_floor_bathroom_vanity_lights_humidity,Humidity,humidity,zha,Inovelli,1st Floor Bathroom,YES,,
sensor.1st_floor_bathroom_vanity_lights_internal_temperature,Internal temperature,temperature,zha,Inovelli,1st Floor Bathroom,YES,,
sensor.1st_floor_bathroom_vanity_lights_temperature,Temperature,temperature,zha,Inovelli,1st Floor Bathroom,YES,,
sensor.40062_hwy_53_ubb_temperature,Temperature,temperature,unifi,Ubiquiti Networks,Back Patio,YES,,
sensor.above_kitchen_sink_inovelli_switch_humidity,Humidity,humidity,zha,Inovelli,Kitchen,YES,,
sensor.above_kitchen_sink_inovelli_switch_internal_temperature,Internal temperature,temperature,zha,Inovelli,Kitchen,YES,,
sensor.above_kitchen_sink_inovelli_switch_temperature,Temperature,temperature,zha,Inovelli,Kitchen,YES,,
sensor.ai_theta_last_motion_detected,Last motion detected,motion,unifiprotect,Ubiquiti,,MISSING,,CRITICAL: NEEDS AREA
sensor.alainas_iphone_battery_level,Alaina’s iPhone Battery Level,battery,mobile_app,Apple,,MISSING,,
sensor.alainas_iphone_battery_state,Alaina’s iPhone Battery State,battery,mobile_app,Apple,,MISSING,,
sensor.aqara_door_and_window_sensor_battery,Battery,door,matter,Aqara,Entry Room,YES,,
sensor.aqara_door_and_window_sensor_battery_2,Battery,door,matter,Aqara,Very Front Door,YES,,
sensor.aqara_door_and_window_sensor_battery_3,Battery,door,matter,Aqara,Entry Room,YES,,
sensor.aqara_door_and_window_sensor_battery_4,Battery,door,matter,Aqara,Entry Room,YES,,
sensor.aqara_door_and_window_sensor_battery_5,Battery,door,matter,Aqara,Garage,YES,,
sensor.aqara_door_and_window_sensor_battery_6,Battery,door,matter,Aqara,Garage,YES,,
sensor.aqara_door_and_window_sensor_battery_type,Battery type,door,matter,Aqara,Entry Room,YES,,
sensor.aqara_door_and_window_sensor_battery_type_2,Battery type,door,matter,Aqara,Very Front Door,YES,,
sensor.aqara_door_and_window_sensor_battery_type_3,Battery type,door,matter,Aqara,Entry Room,YES,,
sensor.aqara_door_and_window_sensor_battery_type_4,Battery type,door,matter,Aqara,Entry Room,YES,,
sensor.aqara_door_and_window_sensor_battery_type_5,Battery type,door,matter,Aqara,Garage,YES,,
sensor.aqara_door_and_window_sensor_battery_type_6,Battery type,door,matter,Aqara,Garage,YES,,
sensor.aqara_door_and_window_sensor_battery_voltage,Battery voltage,door,matter,Aqara,Entry Room,YES,,
sensor.aqara_door_and_window_sensor_battery_voltage_2,Battery voltage,door,matter,Aqara,Very Front Door,YES,,
sensor.aqara_door_and_window_sensor_battery_voltage_3,Battery voltage,door,matter,Aqara,Entry Room,YES,,
sensor.aqara_door_and_window_sensor_battery_voltage_4,Battery voltage,door,matter,Aqara,Entry Room,YES,,
sensor.aqara_door_and_window_sensor_battery_voltage_5,Battery voltage,door,matter,Aqara,Garage,YES,,
sensor.aqara_door_and_window_sensor_battery_voltage_6,Battery voltage,door,matter,Aqara,Garage,YES,,
sensor.aqara_motion_sensor_p1_battery,Battery,motion,matter,Aqara,Entry Room,YES,,
sensor.aqara_motion_sensor_p1_battery_2,Battery,motion,matter,Aqara,Upstairs Hallway,YES,,
sensor.aqara_motion_sensor_p1_battery_3,Battery,motion,matter,Aqara,Kitchen,YES,,
sensor.aqara_motion_sensor_p1_battery_4,Battery,motion,matter,Aqara,Basement Hallway,YES,,
sensor.aqara_motion_sensor_p1_battery_5,Battery,motion,matter,Aqara,Very Front Door Hallway,YES,,
sensor.aqara_motion_sensor_p1_battery_6,Battery,motion,matter,Aqara,Kitchen,YES,,
sensor.aqara_motion_sensor_p1_battery_type,Battery type,motion,matter,Aqara,Entry Room,YES,,
sensor.aqara_motion_sensor_p1_battery_type_2,Battery type,motion,matter,Aqara,Upstairs Hallway,YES,,
sensor.aqara_motion_sensor_p1_battery_type_3,Battery type,motion,matter,Aqara,Kitchen,YES,,
sensor.aqara_motion_sensor_p1_battery_type_4,Battery type,motion,matter,Aqara,Basement Hallway,YES,,
sensor.aqara_motion_sensor_p1_battery_type_5,Battery type,motion,matter,Aqara,Very Front Door Hallway,YES,,
sensor.aqara_motion_sensor_p1_battery_type_6,Battery type,motion,matter,Aqara,Kitchen,YES,,
sensor.aqara_motion_sensor_p1_battery_voltage,Battery voltage,motion,matter,Aqara,Entry Room,YES,,
sensor.aqara_motion_sensor_p1_battery_voltage_2,Battery voltage,motion,matter,Aqara,Upstairs Hallway,YES,,
sensor.aqara_motion_sensor_p1_battery_voltage_3,Battery voltage,motion,matter,Aqara,Kitchen,YES,,
sensor.aqara_motion_sensor_p1_battery_voltage_4,Battery voltage,motion,matter,Aqara,Basement Hallway,YES,,
sensor.aqara_motion_sensor_p1_battery_voltage_5,Battery voltage,motion,matter,Aqara,Very Front Door Hallway,YES,,
sensor.aqara_motion_sensor_p1_battery_voltage_6,Battery voltage,motion,matter,Aqara,Kitchen,YES,,
sensor.aqara_retrofit_valves_t1_battery,Battery,battery,matter,Aqara,Basement,YES,,
sensor.aqara_retrofit_valves_t1_battery_type,Battery type,battery,matter,Aqara,Basement,YES,,
sensor.aqara_retrofit_valves_t1_battery_voltage,Battery voltage,battery,matter,Aqara,Basement,YES,,
sensor.aqara_temp_humidity_sensor_battery,Battery,humidity,matter,Aqara,1st Floor Bathroom,YES,,
sensor.aqara_temp_humidity_sensor_battery_2,Battery,humidity,matter,Aqara,Basement,YES,,
sensor.aqara_temp_humidity_sensor_battery_3,Battery,humidity,matter,Aqara,,MISSING,,Aqara sensor - assign area
sensor.aqara_temp_humidity_sensor_battery_4,Battery,humidity,matter,Aqara,2nd Floor Bathroom,YES,,
sensor.aqara_temp_humidity_sensor_battery_5,Battery,humidity,matter,Aqara,Ella's Bedroom,YES,,
sensor.aqara_temp_humidity_sensor_battery_6,Battery,humidity,matter,Aqara,Alaina's Bedroom,YES,,
sensor.aqara_temp_humidity_sensor_battery_7,Battery,humidity,matter,Aqara,,MISSING,,Aqara sensor - assign area
sensor.aqara_temp_humidity_sensor_battery_type,Battery type,humidity,matter,Aqara,1st Floor Bathroom,YES,,
sensor.aqara_temp_humidity_sensor_battery_type_2,Battery type,humidity,matter,Aqara,Basement,YES,,
sensor.aqara_temp_humidity_sensor_battery_type_3,Battery type,humidity,matter,Aqara,,MISSING,,Aqara sensor - assign area
sensor.aqara_temp_humidity_sensor_battery_type_4,Battery type,humidity,matter,Aqara,2nd Floor Bathroom,YES,,
sensor.aqara_temp_humidity_sensor_battery_type_5,Battery type,humidity,matter,Aqara,Ella's Bedroom,YES,,
sensor.aqara_temp_humidity_sensor_battery_type_6,Battery type,humidity,matter,Aqara,Alaina's Bedroom,YES,,
sensor.aqara_temp_humidity_sensor_battery_type_7,Battery type,humidity,matter,Aqara,,MISSING,,Aqara sensor - assign area
sensor.aqara_temp_humidity_sensor_battery_voltage,Battery voltage,humidity,matter,Aqara,1st Floor Bathroom,YES,,
sensor.aqara_temp_humidity_sensor_battery_voltage_2,Battery voltage,humidity,matter,Aqara,Basement,YES,,
sensor.aqara_temp_humidity_sensor_battery_voltage_3,Battery voltage,humidity,matter,Aqara,,MISSING,,Aqara sensor - assign area
sensor.aqara_temp_humidity_sensor_battery_voltage_4,Battery voltage,humidity,matter,Aqara,2nd Floor Bathroom,YES,,
sensor.aqara_temp_humidity_sensor_battery_voltage_5,Battery voltage,humidity,matter,Aqara,Ella's Bedroom,YES,,
sensor.aqara_temp_humidity_sensor_battery_voltage_6,Battery voltage,humidity,matter,Aqara,Alaina's Bedroom,YES,,
sensor.aqara_temp_humidity_sensor_battery_voltage_7,Battery voltage,humidity,matter,Aqara,,MISSING,,Aqara sensor - assign area
sensor.aqara_temp_humidity_sensor_humidity,Humidity,humidity,matter,Aqara,1st Floor Bathroom,YES,,
sensor.aqara_temp_humidity_sensor_humidity_2,Humidity,humidity,matter,Aqara,Basement,YES,,
sensor.aqara_temp_humidity_sensor_humidity_3,Humidity,humidity,matter,Aqara,,MISSING,,Aqara sensor - assign area
sensor.aqara_temp_humidity_sensor_humidity_4,Humidity,humidity,matter,Aqara,2nd Floor Bathroom,YES,,
sensor.aqara_temp_humidity_sensor_humidity_5,Humidity,humidity,matter,Aqara,Ella's Bedroom,YES,,
sensor.aqara_temp_humidity_sensor_humidity_6,Humidity,humidity,matter,Aqara,Alaina's Bedroom,YES,,
sensor.aqara_temp_humidity_sensor_humidity_7,Humidity,humidity,matter,Aqara,,MISSING,,Aqara sensor - assign area
sensor.aqara_temp_humidity_sensor_temperature,Temperature,temperature,matter,Aqara,1st Floor Bathroom,YES,,
sensor.aqara_temp_humidity_sensor_temperature_2,Temperature,temperature,matter,Aqara,Basement,YES,,
sensor.aqara_temp_humidity_sensor_temperature_3,Temperature,temperature,matter,Aqara,,MISSING,,CRITICAL: NEEDS AREA; Aqara sensor - assign area
sensor.aqara_temp_humidity_sensor_temperature_4,Temperature,temperature,matter,Aqara,2nd Floor Bathroom,YES,,
sensor.aqara_temp_humidity_sensor_temperature_5,Temperature,temperature,matter,Aqara,Ella's Bedroom,YES,,
sensor.aqara_temp_humidity_sensor_temperature_6,Temperature,temperature,matter,Aqara,Alaina's Bedroom,YES,,
sensor.aqara_temp_humidity_sensor_temperature_7,Temperature,temperature,matter,Aqara,,MISSING,,CRITICAL: NEEDS AREA; Aqara sensor - assign area
sensor.aqara_water_leak_sensor_battery,Battery,water,matter,Aqara,Kitchen,YES,,
sensor.aqara_water_leak_sensor_battery_2,Battery,water,matter,Aqara,Kitchen,YES,,
sensor.aqara_water_leak_sensor_battery_3,Battery,water,matter,Aqara,Kitchen,YES,,
sensor.aqara_water_leak_sensor_battery_4,Battery,water,matter,Aqara,Basement,YES,,
sensor.aqara_water_leak_sensor_battery_5,Battery,water,matter,Aqara,Basement,YES,,
sensor.aqara_water_leak_sensor_battery_type,Battery type,water,matter,Aqara,Kitchen,YES,,
sensor.aqara_water_leak_sensor_battery_type_2,Battery type,water,matter,Aqara,Kitchen,YES,,
sensor.aqara_water_leak_sensor_battery_type_3,Battery type,water,matter,Aqara,Kitchen,YES,,
sensor.aqara_water_leak_sensor_battery_type_4,Battery type,water,matter,Aqara,Basement,YES,,
sensor.aqara_water_leak_sensor_battery_type_5,Battery type,water,matter,Aqara,Basement,YES,,
sensor.aqara_water_leak_sensor_battery_voltage,Battery voltage,water,matter,Aqara,Kitchen,YES,,
sensor.aqara_water_leak_sensor_battery_voltage_2,Battery voltage,water,matter,Aqara,Kitchen,YES,,
sensor.aqara_water_leak_sensor_battery_voltage_3,Battery voltage,water,matter,Aqara,Kitchen,YES,,
sensor.aqara_water_leak_sensor_battery_voltage_4,Battery voltage,water,matter,Aqara,Basement,YES,,
sensor.aqara_water_leak_sensor_battery_voltage_5,Battery voltage,water,matter,Aqara,Basement,YES,,
sensor.back_door_patio_light_inovelli_switch_current,Current,door,zha,Inovelli,Back Patio,YES,,
sensor.back_door_patio_light_inovelli_switch_humidity,Humidity,humidity,zha,Inovelli,Back Patio,YES,,
sensor.back_door_patio_light_inovelli_switch_internal_temperature,Internal temperature,temperature,zha,Inovelli,Back Patio,YES,,
sensor.back_door_patio_light_inovelli_switch_overheat_protection,Overheat protection,door,zha,Inovelli,Back Patio,YES,,
sensor.back_door_patio_light_inovelli_switch_power,Power,door,zha,Inovelli,Back Patio,YES,,
sensor.back_door_patio_light_inovelli_switch_summation_delivered,Summation delivered,door,zha,Inovelli,Back Patio,YES,,
sensor.back_door_patio_light_inovelli_switch_temperature,Temperature,temperature,zha,Inovelli,Back Patio,YES,,
sensor.back_door_patio_light_inovelli_switch_voltage,Voltage,door,zha,Inovelli,Back Patio,YES,,
sensor.back_yard_last_motion_detected,Last motion detected,motion,unifiprotect,Ubiquiti,Back Yard Tower,YES,YES,
sensor.basement_thermostat_humidity,Humidity,humidity,nest,Google Nest,Laundry Area,YES,,
sensor.basement_thermostat_temperature,Temperature,temperature,nest,Google Nest,Laundry Area,YES,,
sensor.ellas_iphone_battery_level,Ella’s iPhone Battery Level,battery,mobile_app,Apple,,MISSING,,
sensor.ellas_iphone_battery_state,Ella’s iPhone Battery State,battery,mobile_app,Apple,,MISSING,,
sensor.entry_room_east_wall_nightlight_illuminance,Illuminance,illuminance,zha,Third Reality; Inc,Entry Room,YES,,
sensor.entry_room_west_wall_nightlight_illuminance,Illuminance,illuminance,zha,Third Reality; Inc,Entry Room,YES,,
sensor.first_floor_thermostat_humidity,Humidity,humidity,nest,Google Nest,Entry Room,YES,,
sensor.first_floor_thermostat_temperature,Temperature,temperature,nest,Google Nest,Entry Room,YES,,
sensor.front_driveway_door_chime_type,Chime type,door,unifiprotect,Ubiquiti,Front door,YES,YES,
sensor.front_driveway_door_disk_write_rate,Disk write rate,door,unifiprotect,Ubiquiti,Front door,YES,,
sensor.front_driveway_door_last_doorbell_ring,Last doorbell ring,door,unifiprotect,Ubiquiti,Front door,YES,,
sensor.front_driveway_door_last_motion_detected,Last motion detected,motion,unifiprotect,Ubiquiti,Front door,YES,,
sensor.front_driveway_door_oldest_recording,Oldest recording,door,unifiprotect,Ubiquiti,Front door,YES,YES,
sensor.front_driveway_door_received_data,Received data,door,unifiprotect,Ubiquiti,Front door,YES,YES,
sensor.front_driveway_door_storage_used,Storage used,door,unifiprotect,Ubiquiti,Front door,YES,,
sensor.front_driveway_door_transferred_data,Transferred data,door,unifiprotect,Ubiquiti,Front door,YES,YES,
sensor.front_driveway_door_uptime,Uptime,door,unifiprotect,Ubiquiti,Front door,YES,YES,
sensor.front_driveway_door_voltage,Voltage,door,unifiprotect,Ubiquiti,Front door,YES,,
sensor.front_driveway_door_wi_fi_signal_strength,Wi-Fi signal strength,door,unifiprotect,Ubiquiti,Front door,YES,YES,
sensor.g4_bullet_last_motion_detected,Last motion detected,motion,unifiprotect,Ubiquiti,Pigeon Falls Properties,YES,YES,
sensor.g6_bullet_last_motion_detected,Last motion detected,motion,unifiprotect,Ubiquiti,,MISSING,YES,CRITICAL: NEEDS AREA
sensor.garage_north_wall_nightlight_illuminance,Illuminance,illuminance,zha,Third Reality; Inc,Garage,YES,,
sensor.garage_thermostat_humidity,Humidity,humidity,nest,Google Nest,Garage,YES,,
sensor.garage_thermostat_temperature,Temperature,temperature,nest,Google Nest,Garage,YES,,
sensor.house_average_humidity,House Average Humidity,humidity,template,,,MISSING,,
sensor.house_average_temperature,House Average Temperature,temperature,template,,,MISSING,,CRITICAL: NEEDS AREA
sensor.hue_dimmer_switch_1_battery,Battery,battery,hue,Signify Netherlands B.V.,,MISSING,,
sensor.hue_dimmer_switch_2_battery,Battery,battery,hue,Signify Netherlands B.V.,,MISSING,,
sensor.hue_dimmer_switch_3_battery,Battery,battery,hue,Signify Netherlands B.V.,,MISSING,,
sensor.hue_dimmer_switch_4_battery,Battery,battery,hue,Signify Netherlands B.V.,,MISSING,,
sensor.hue_tap_dial_switch_1_battery,Battery,battery,hue,Signify Netherlands B.V.,,MISSING,,
sensor.hue_tap_dial_switch_3_battery,Battery,battery,hue,Signify Netherlands B.V.,,MISSING,,
sensor.inovelli_vzm31_sn_internal_temperature_2,Internal temperature,temperature,zha,Inovelli,Entry Room,YES,,
sensor.inovelli_vzm31_sn_internal_temperature_3,Internal temperature,temperature,zha,Inovelli,Kitchen,YES,,
sensor.inovelli_vzm31_sn_internal_temperature_4,Internal temperature,temperature,zha,Inovelli,Kitchen,YES,,
sensor.inovelli_vzm36_internal_temperature_3,Internal temperature,temperature,zha,Inovelli,Living Room,YES,,
sensor.inovelli_vzm36_internal_temperature_4,Internal temperature,temperature,zha,Inovelli,Living Room,YES,,
sensor.john_s_phone_battery_cycle_count,John's Phone Battery cycle count,battery,mobile_app,samsung,,MISSING,YES,
sensor.john_s_phone_battery_health,John's Phone Battery health,battery,mobile_app,samsung,,MISSING,YES,
sensor.john_s_phone_battery_level,John's Phone Battery level,battery,mobile_app,samsung,,MISSING,,
sensor.john_s_phone_battery_power,John's Phone Battery power,battery,mobile_app,samsung,,MISSING,YES,
sensor.john_s_phone_battery_state,John's Phone Battery state,battery,mobile_app,samsung,,MISSING,,
sensor.john_s_phone_battery_temperature,John's Phone Battery temperature,temperature,mobile_app,samsung,,MISSING,YES,CRITICAL: NEEDS AREA
sensor.john_s_phone_car_battery,John's Phone Car battery,battery,mobile_app,samsung,,MISSING,YES,
sensor.kitchen_above_table_chandelier_inovelli_humidity,Humidity,humidity,zha,Inovelli,Kitchen,YES,,
sensor.kitchen_above_table_chandelier_inovelli_internal_temperature,Internal temperature,temperature,zha,Inovelli,Kitchen,YES,,
sensor.kitchen_above_table_chandelier_inovelli_temperature,Temperature,temperature,zha,Inovelli,Kitchen,YES,,
sensor.kitchen_ai_theta_last_motion_detected,Last motion detected,motion,unifiprotect,Ubiquiti,Kitchen,YES,YES,
sensor.kitchen_ceiling_inovelli_vzm31_sn_internal_temperature,Internal temperature,temperature,zha,Inovelli,Kitchen,YES,,
sensor.kitchen_counter_night_light_illuminance,Illuminance,illuminance,zha,Third Reality; Inc,Stairway Cubby,YES,,
sensor.kitchen_counter_nightlight_illuminance,Illuminance,illuminance,zha,Third Reality; Inc,Garage,YES,,
sensor.kitchen_lounge_inovelli_smart_dimmer_internal_temperature,Internal temperature,temperature,zha,Inovelli,Kitchen Lounge,YES,,
sensor.kitchen_lounge_light_fan_inovelli_vzm36_internal_temperature,Internal temperature,temperature,zha,Inovelli,Kitchen Lounge,YES,,
sensor.kitchen_lounge_light_fan_inovelli_vzm36_internal_temperature_2,Internal temperature,temperature,zha,Inovelli,Kitchen Lounge,YES,,
sensor.kitchen_samsung_tablet_wall_mount_battery_cycle_count,Kitchen Samsung Tablet Wall Mount Battery cycle count,battery,mobile_app,samsung,,MISSING,YES,
sensor.kitchen_samsung_tablet_wall_mount_battery_health,Kitchen Samsung Tablet Wall Mount Battery health,battery,mobile_app,samsung,,MISSING,YES,
sensor.kitchen_samsung_tablet_wall_mount_battery_level,Kitchen Samsung Tablet Wall Mount Battery level,battery,mobile_app,samsung,,MISSING,,
sensor.kitchen_samsung_tablet_wall_mount_battery_power,Kitchen Samsung Tablet Wall Mount Battery power,battery,mobile_app,samsung,,MISSING,YES,
sensor.kitchen_samsung_tablet_wall_mount_battery_state,Kitchen Samsung Tablet Wall Mount Battery state,battery,mobile_app,samsung,,MISSING,,
sensor.kitchen_samsung_tablet_wall_mount_battery_temperature,Kitchen Samsung Tablet Wall Mount Battery temperature,temperature,mobile_app,samsung,,MISSING,YES,CRITICAL: NEEDS AREA
sensor.kitchen_samsung_tablet_wall_mount_car_battery,Kitchen Samsung Tablet Wall Mount Car battery,battery,mobile_app,samsung,,MISSING,YES,
sensor.kitchen_wall_a9_tablet_battery,Battery,battery,fully_kiosk,samsung,Kitchen,YES,,
sensor.kitchen_west_wall_nightlight_illuminance,Illuminance,illuminance,zha,Third Reality; Inc,Basement,YES,,
sensor.living_room_north_wall_east_nightlight_illuminance,Illuminance,illuminance,zha,Third Reality; Inc,Living Room,YES,,
sensor.living_room_north_wall_west_nightlight_illuminance,Illuminance,illuminance,zha,Third Reality; Inc,Living Room,YES,,
sensor.lumi_lumi_sensor_wleak_aq1_battery,Battery,battery,zha,LUMI,,MISSING,,
sensor.lumi_lumi_sensor_wleak_aq1_device_temperature,Device temperature,temperature,zha,LUMI,,MISSING,,CRITICAL: NEEDS AREA
sensor.master_nest_thermostat_humidity,Humidity,humidity,nest,Google Nest,Master Bedroom,YES,,
sensor.master_nest_thermostat_temperature,Temperature,temperature,nest,Google Nest,Master Bedroom,YES,,
sensor.navien_hot_water_temp,Navien Hot Water Temp,water,navien_water_heater,Navien,Boiler Room,YES,,
sensor.navien_water_flow,Navien Water Flow,water,navien_water_heater,Navien,Boiler Room,YES,,
sensor.outside_humidity,Outside Humidity,humidity,template,,,MISSING,,
sensor.outside_temperature,Outside Temperature,temperature,template,,,MISSING,,CRITICAL: NEEDS AREA
sensor.p_f_p_ubb_temperature,Temperature,temperature,unifi,Ubiquiti Networks,Back Yard Tower,YES,,
sensor.pfp_east_nest_thermostat_sensor_humidity,PFP East Nest Thermostat Humidity Sensor,humidity,nest,Google Nest,Pigeon Falls Properties,YES,,
sensor.pfp_east_nest_thermostat_sensor_temperature,PFP East Nest Thermostat Temperature Sensor,temperature,nest,Google Nest,Pigeon Falls Properties,YES,,
sensor.pfp_west_nest_sensor_temperature,PFP West Nest Thermostat Temperature Sensor,temperature,nest,Google Nest,Pigeon Falls Properties,YES,,
sensor.pfp_west_nest_thermostat_sensor_humidity,PFP West Nest Thermostat Humidity Sensor,humidity,nest,Google Nest,Pigeon Falls Properties,YES,,
sensor.udm_pro_cpu_temperature,CPU temperature,temperature,unifiprotect,Ubiquiti Networks,,MISSING,,CRITICAL: NEEDS AREA
sensor.udm_pro_udm_pro_cpu_temperature,UDM PRO CPU Temperature,temperature,unifi,Ubiquiti Networks,,MISSING,YES,CRITICAL: NEEDS AREA
sensor.udm_pro_udm_pro_local_temperature,UDM PRO Local Temperature,temperature,unifi,Ubiquiti Networks,,MISSING,YES,CRITICAL: NEEDS AREA
sensor.udm_pro_udm_pro_phy_temperature,UDM PRO PHY Temperature,temperature,unifi,Ubiquiti Networks,,MISSING,YES,CRITICAL: NEEDS AREA
sensor.upstairs_average_humidity,Upstairs Average Humidity,humidity,template,,,MISSING,,
sensor.upstairs_bathroom_echo_plus_temperature_2,Upstairs Bathroom Echo Plus Temperature,temperature,alexa_media,Amazon,,MISSING,,CRITICAL: NEEDS AREA
sensor.upstairs_bathroom_fan_temperature,Temperature,temperature,shelly,Shelly,2nd Floor Bathroom,YES,YES,
sensor.upstairs_bathroom_humidity_trend,Upstairs Bathroom Humidity Trend,humidity,template,,,MISSING,,
sensor.upstairs_bathroom_night_light_illuminance,Illuminance,illuminance,zha,Third Reality; Inc,Garage,YES,,
sensor.upstairs_hallway_east_wall_night_light_illuminance,Illuminance,illuminance,zha,Third Reality; Inc,Upstairs Hallway,YES,,
sensor.upstairs_hallway_night_light_illuminance,Illuminance,illuminance,zha,Third Reality; Inc,Upstairs Hallway,YES,,
sensor.usw_pro_max_16_poe_temperature,Temperature,temperature,unifi,Ubiquiti Networks,,MISSING,,CRITICAL: NEEDS AREA
sensor.very_front_door_chime_type,Chime type,door,unifiprotect,Ubiquiti,Very Front Door,YES,YES,
sensor.very_front_door_disk_write_rate,Disk write rate,door,unifiprotect,Ubiquiti,Very Front Door,YES,,
sensor.very_front_door_last_doorbell_ring,Last doorbell ring,door,unifiprotect,Ubiquiti,Very Front Door,YES,,
sensor.very_front_door_last_motion_detected,Last motion detected,motion,unifiprotect,Ubiquiti,Very Front Door,YES,,
sensor.very_front_door_oldest_recording,Oldest recording,door,unifiprotect,Ubiquiti,Very Front Door,YES,YES,
sensor.very_front_door_received_data,Received data,door,unifiprotect,Ubiquiti,Very Front Door,YES,YES,
sensor.very_front_door_storage_used,Storage used,door,unifiprotect,Ubiquiti,Very Front Door,YES,,
sensor.very_front_door_transferred_data,Transferred data,door,unifiprotect,Ubiquiti,Very Front Door,YES,YES,
sensor.very_front_door_uptime,Uptime,door,unifiprotect,Ubiquiti,Very Front Door,YES,YES,
sensor.very_front_door_voltage,Voltage,door,unifiprotect,Ubiquiti,Very Front Door,YES,,
sensor.very_front_door_wi_fi_signal_strength,Wi-Fi signal strength,door,unifiprotect,Ubiquiti,Very Front Door,YES,YES,
